ISIN;Date 
;03/02/2022
;29/09/2022
GB00B6XZKY75;25/08/2022
GB00B6XZKY75;25/08/2022
GB00B6XZKY75;25/08/2022
GB00B6XZKY75;25/08/2022
GB00B6XZKY75;25/08/2022
;08/12/2022
;08/12/2022
;08/12/2022
;14/07/2022
;14/07/2022
;14/07/2022
AT0000720008;17/09/2020
AT0000720008;17/09/2020
IT0001233417;26/03/2020
IT0001233417;26/03/2020
IT0001233417;26/03/2020
;30/06/2022
;21/07/2022
;16/07/2020
;24/03/2022
BE0974293251;23/01/2020
BE0974293251;23/01/2020
BE0974293251;23/01/2020
NO0003573016;24/06/2021
NO0003573016;24/06/2021
NO0003573016;24/06/2021
NO0003573016;24/06/2021
NO0003573016;24/06/2021
CH0012221716;03/06/2021
CH0012221716;03/06/2021
US0028241000;29/09/2022
US0028241000;29/09/2022
;16/06/2022
;16/06/2022
;15/09/2022
;15/09/2022
DE000A3CNK42;22/04/2021
DE000A3CNK42;22/04/2021
DE000A3CNK42;22/04/2021
DE000A3CNK42;22/04/2021
;12/12/2019
;12/12/2019
;21/07/2022
;21/07/2022
;21/07/2022
INE012A01025;12/08/2021
INE012A01025;12/08/2021
IE00B4BNMY34;17/12/2018
IE00B4BNMY34;17/12/2018
IE00B4BNMY34;17/12/2018
ES0125220311;19/12/2019
ES0125220311;19/12/2019
FR0000120404;11/03/2021
FR0000120404;11/03/2021
;05/05/2022
;26/05/2022
;11/01/2022
;11/01/2022
;11/01/2022
;03/11/2022
;03/11/2022
;21/10/2021
;22/09/2022
DE000A1EWWW0;22/04/2021
DE000A1EWWW0;22/04/2021
IE00BD845X29;24/11/2022
IE00BD845X29;24/11/2022
;28/07/2022
US00724F1012;04/02/2021
US00724F1012;04/02/2021
US00724F1012;04/02/2021
DE0005103006;04/02/2021
DE0005103006;04/02/2021
DE0005103006;04/02/2021
DE0005103006;04/02/2021
DE0005103006;04/02/2021
;17/11/2022
US0079031078;27/06/2016
US0079031078;27/06/2016
US0079031078;27/06/2016
US0079031078;27/06/2016
TW0002395001;29/07/2021
TW0002395001;29/07/2021
JP3122400009;03/02/2022
JP3122400009;03/02/2022
US00766T1007;19/05/2022
US00766T1007;19/05/2022
US00766T1007;19/05/2022
US00766T1007;19/05/2022
US00766T1007;19/05/2022
US00766T1007;05/03/2020
US00766T1007;05/03/2020
JP3388200002;12/08/2021
JP3388200002;12/08/2021
SE0005999836;19/05/2022
SE0005999836;19/05/2022
SE0005999836;19/05/2022
NO0010895378;18/03/2021
NO0010895378;18/03/2021
;25/02/2021
;07/07/2022
;07/07/2022
;01/12/2022
;01/12/2022
;01/12/2022
CL0000000035;09/01/2020
CL0000000035;09/01/2020
FR0000120073;19/05/2022
FR0000120073;19/05/2022
FR0000120073;19/05/2022
NZAIRE0001S2;04/08/2022
NZAIRE0001S2;04/08/2022
US0090661010;20/10/2022
US0090661010;20/10/2022
US0090661010;20/10/2022
;24/02/2022
;01/12/2022
;24/11/2022
JP3119600009;28/05/2020
JP3119600009;28/05/2020
;07/04/2022
NL0000009132;30/09/2021
NL0000009132;30/09/2021
;21/05/2019
;21/05/2019
US0130911037;21/04/2022
US0130911037;21/04/2022
US0130911037;21/04/2022
;21/07/2022
;21/07/2022
DEXXXXXALDI0;23/07/2020
DEXXXXXALDI0;23/07/2020
;04/09/2019
;04/09/2019
;31/03/2022
;22/09/2022
;23/09/2021
;10/11/2022
;10/11/2022
;20/05/2021
;20/05/2021
;20/05/2021
;25/08/2022
;20/10/2022
;19/05/2022
KYG021581064;11/02/2021
FI0009013114;21/07/2022
FI0009013114;21/07/2022
FI0009013114;11/10/2018
FI0009013114;11/10/2018
;12/05/2022
NC;13/01/2022
US40052RAA14;10/11/2022
US40052RAA14;10/11/2022
US40052RAA14;10/11/2022
USP01703AC49;07/07/2022
USP01703AC49;07/07/2022
;01/06/2021
FR0010220475;07/01/2021
FR0010220475;07/01/2021
FR0010220475;07/01/2021
DE000A0LD2U1;23/07/2020
DE000A0LD2U1;23/07/2020
DE000A0LD2U1;23/07/2020
;22/09/2022
PTALT0AE0002;11/08/2022
PTALT0AE0002;11/08/2022
PTALT0AE0002;11/08/2022
PTALT0AE0002;11/08/2022
US02209S1033;02/07/2020
US02209S1033;02/07/2020
;28/04/2022
;03/02/2022
US0226631085;03/01/2022
US0226631085;03/01/2022
US0226631085;10/03/2022
US0226631085;10/03/2022
US0226631085;10/03/2022
INE079A01024;21/10/2021
INE079A01024;21/10/2021
INE079A01024;21/10/2021
GB0022569080;08/10/2020
GB0022569080;08/10/2020
MXP001691213;27/08/2020
MXP001691213;27/08/2020
US02376R1023;14/04/2022
US02376R1023;14/04/2022
US0240611030;10/11/2022
US0240611030;10/11/2022
US0240611030;10/11/2022
US0240611030;10/11/2022
US0240611030;10/11/2022
US0240611030;10/11/2022
US02553E1064;23/07/2020
US02553E1064;23/07/2020
US02553E1064;23/07/2020
US03027X1000;28/10/2021
US03027X1000;28/10/2021
US03027X1000;28/10/2021
;26/08/2021
;26/08/2021
;22/09/2022
;22/09/2022
;22/09/2022
;22/09/2022
;17/11/2022
JP3429800000;08/12/2022
JP3429800000;08/12/2022
JP3429800000;08/12/2022
;01/12/2022
US0326541051;15/07/2021
US0326541051;15/07/2021
;20/02/2020
;04/10/2021
JP3128800004;05/12/2019
JP3128800004;05/12/2019
;11/03/2021
;11/03/2021
;11/03/2021
;28/04/2022
;22/09/2022
;05/08/2021
;05/08/2021
;10/06/2021
;10/06/2021
;10/06/2021
US0378331005;06/05/2021
US0378331005;06/05/2021
US0378331005;06/05/2021
ES0105022000;01/09/2022
ES0105022000;01/09/2022
US0383361039;20/08/2020
US0383361039;20/08/2020
US0383361039;20/08/2020
;01/09/2022
;11/02/2021
;22/09/2022
NL0006237562;17/03/2022
NL0006237562;17/03/2022
NL0006237562;17/03/2022
TRAARCLK91H5;03/12/2020
TRAARCLK91H5;03/12/2020
;23/04/2020
;23/04/2020
;25/08/2022
;25/08/2022
;25/08/2022
;25/08/2022
LU2369833749;25/08/2022
LU2369833749;25/08/2022
;12/05/2022
;10/01/2022
;10/01/2022
;27/10/2022
;27/10/2022
;27/01/2022
;16/12/2021
;16/12/2021
;23/04/2020
US04247X1028;13/10/2022
US04247X1028;13/10/2022
US04247X1028;13/10/2022
;14/07/2022
;15/09/2022
;02/06/2022
;02/06/2022
;02/06/2022
;27/08/2020
;27/08/2020
;07/07/2022
;16/12/2021
;22/09/2022
JP3116000005;24/03/2022
JP3116000005;24/03/2022
;26/05/2022
;26/05/2022
;13/10/2022
;16/06/2022
TW0002311008;16/09/2021
TW0002311008;16/09/2021
TW0001102002;22/04/2021
;20/10/2022
JP3118000003;15/04/2021
JP3118000003;15/04/2021
;29/09/2022
JP3119920001;01/09/2018
JP3119920001;01/09/2018
JP3119920001;01/09/2018
JP3119920001;01/09/2018
;28/10/2021
NL0010273215;16/12/2021
NL0010273215;16/12/2021
GB0030927254;21/10/2021
GB0030927254;21/10/2021
GB0030927254;21/10/2021
GB0030927254;21/10/2021
SE0007100581;08/12/2022
SE0007100581;08/12/2022
JP3942400007;02/11/2018
JP3942400007;02/11/2018
IT0000084027;21/10/2021
IT0000084027;21/10/2021
;11/01/2021
;04/11/2021
;04/11/2021
GB0009895292;01/10/2021
GB0009895292;01/10/2021
GB0009895292;01/10/2021
GB0009895292;01/10/2021
GB0009895292;01/10/2021
GB0009895292;01/10/2021
GB0009895292;01/10/2021
GB0009895292;01/10/2021
GB0009895292;01/10/2021
;07/07/2022
;07/07/2022
US00206R1023;20/05/2021
US00206R1023;20/05/2021
NO0004822503;04/09/2019
NO0004822503;04/09/2019
;15/09/2022
GB00BLP5YB54;04/11/2021
SE0000101032;28/10/2021
SE0000101032;28/10/2021
GB00BZ09BD16;10/12/2020
GB00BZ09BD16;10/12/2020
GB00BZ09BD16;10/12/2020
GB00BZ09BD16;10/12/2020
FR0000051732;18/02/2021
;15/09/2022
NZAIAE0002S6;20/11/2017
;08/12/2022
;08/12/2022
;08/12/2022
TW0002409000;05/08/2021
DE0006766504;17/06/2021
DE0006766504;17/06/2021
;03/06/2021
;21/03/2019
;21/03/2019
GB00BVYVFW23;25/11/2021
GB00BVYVFW23;25/11/2021
US0527691069;04/11/2021
US0527691069;04/11/2021
US0527691069;04/11/2021
US0527691069;04/11/2021
US0528001094;10/02/2022
US0528001094;10/02/2022
;01/12/2022
;01/09/2022
;01/09/2022
;01/09/2022
;01/09/2022
US0534841012;02/07/2019
US0534841012;02/07/2019
;28/10/2021
;28/10/2021
US0536111091;21/10/2021
US0536111091;21/10/2021
GB00BBG9VN75;04/08/2022
GB00BBG9VN75;04/08/2022
GB00BBG9VN75;04/08/2022
GB00BBG9VN75;04/08/2022
GB00BBG9VN75;04/08/2022
GB00BBG9VN75;04/08/2022
;30/07/2020
;11/02/2021
;04/01/2022
;04/01/2022
;14/04/2022
;14/04/2022
;16/06/2022
JP3937200008;01/08/2021
JP3937200008;01/08/2021
LU1072616219;11/08/2022
LU1072616219;11/08/2022
;02/06/2022
;02/06/2022
BMG069051065;01/07/2018
BMG069051065;01/07/2018
;22/07/2021
;04/11/2021
;04/11/2021
US0584981064;23/04/2020
US0584981064;23/04/2020
;13/10/2022
;13/10/2022
;13/10/2022
;18/02/2021
;28/07/2022
;28/07/2022
;28/07/2022
;03/06/2021
IE00BD1RP616;12/01/2022
IE00BD1RP616;12/01/2022
IE00BD1RP616;08/12/2022
IE00BD1RP616;08/12/2022
IE00BD1RP616;08/12/2022
IE00BD1RP616;08/12/2022
IE00BD1RP616;08/12/2022
BE0003790079;31/03/2021
;30/07/2020
;30/07/2020
;03/11/2022
GB0000811801;24/09/2020
GB0000811801;24/09/2020
CH0009002962;27/11/2019
DE000BAY0017;20/08/2020
DE000BAY0017;20/08/2020
;28/07/2022
;28/07/2022
CA05534B7604;25/08/2022
CA05534B7604;25/08/2022
CA05534B7604;25/08/2022
;07/04/2022
;30/06/2022
;05/05/2022
BE0003678894;30/06/2022
;26/05/2022
DE0005200000;18/06/2020
DE0005200000;18/06/2020
FR0000121857;28/04/2022
FR0000121857;28/04/2022
;28/07/2022
;28/07/2022
GB0000904986;15/09/2022
GB0000904986;15/09/2022
GB0000904986;15/09/2022
;22/09/2022
US0814651065;14/03/2019
US0814651065;14/03/2019
JP3835620000;29/09/2022
JP3835620000;29/09/2022
JP3835620000;27/05/2021
JP3835620000;27/05/2021
JP3835620000;27/05/2021
JP3835620000;27/05/2021
;06/03/2019
;06/03/2019
;04/11/2021
;04/11/2021
;30/06/2022
;01/12/2022
US08579W1036;24/03/2022
US08579W1036;24/03/2022
;11/02/2021
DE0005224901;03/06/2021
;15/09/2022
;20/10/2022
US0865161014;01/07/2019
US0865161014;01/07/2019
;04/03/2021
;04/03/2021
SE0014186532;21/06/2021
SE0014186532;21/06/2021
;24/11/2022
INE397D01024;30/09/2021
INE397D01024;30/09/2021
;17/02/2022
;12/05/2022
;11/11/2021
;11/11/2021
SE0000862997;01/01/2018
SE0000862997;01/01/2018
SE0017769995;22/09/2022
US09062X1037;17/09/2020
US09062X1037;17/09/2020
US09062X1037;17/09/2020
FR0013280286;02/12/2021
FR0013280286;02/12/2021
;08/12/2022
;20/10/2022
XS2200172653;18/08/2022
XS2200172653;18/08/2022
;22/04/2021
;22/04/2021
DE0005261606;19/11/2020
DE0005261606;19/11/2020
;08/04/2021
;08/04/2021
;08/04/2021
GB0033147751;09/09/2021
GB0033147751;09/09/2021
;12/08/2021
;05/05/2022
DE0005190003;24/02/2022
DE0005190003;24/02/2022
DE0005190003;24/02/2022
;03/11/2022
;10/11/2022
;11/02/2021
SE0008091581;01/12/2019
SE0008091581;01/12/2019
;29/09/2022
;29/09/2022
;24/06/2021
JE00BG6L7297;16/12/2021
JE00BG6L7297;16/12/2021
JE00BG6L7297;16/12/2021
AU000000BLD2;16/12/2021
AU000000BLD2;16/12/2021
NO0010657505;11/08/2022
NO0010657505;11/08/2022
NO0010657505;11/08/2022
NO0010657505;11/08/2022
NO0010657505;11/08/2022
NO0010657505;02/07/2019
NO0010657505;02/07/2019
NO0010657505;01/10/2019
NO0010657505;01/10/2019
;01/07/2021
;01/07/2021
US1011211018;16/04/2020
US1011211018;16/04/2020
US1011371077;10/11/2022
US1011371077;10/11/2022
US1011371077;10/11/2022
US1011371077;10/11/2022
US1011371077;10/11/2022
US1011371077;10/11/2022
;01/12/2022
;01/12/2022
;01/12/2022
BE0974268972;21/11/2018
BE0974268972;21/11/2018
;03/06/2021
AU000000BXB1;28/04/2022
AU000000BXB1;28/04/2022
AU000000BXB1;28/04/2022
;08/12/2022
;11/01/2021
;01/11/2021
;01/11/2021
;17/02/2022
TRABRISA91E3;05/08/2021
TRABRISA91E3;05/08/2021
;30/08/2019
;30/08/2019
GB0002875804;28/07/2022
GB0002875804;28/07/2022
GB0002875804;28/07/2022
GB0002875804;28/07/2022
RC000057;21/10/2021
RC000057;21/10/2021
GB00B0N8QD54;12/12/2019
GB00B0N8QD54;12/12/2019
US11120U1051;05/08/2021
;14/01/2021
;14/01/2021
JP3830000000;07/04/2022
JP3830000000;07/04/2022
JP3830000000;24/07/2018
JP3830000000;24/07/2018
;13/10/2022
;01/06/2020
;01/06/2020
;01/06/2020
;17/11/2022
;17/11/2022
;17/11/2021
;17/11/2021
;17/11/2021
;17/11/2021
;15/09/2022
;28/04/2022
GB0030913577;13/09/2017
GB0030913577;13/09/2017
;08/12/2022
;25/08/2022
;25/08/2022
;25/08/2022
SE0003849223;07/04/2022
SE0003849223;07/04/2022
BMG169621056;25/11/2021
BMG169621056;25/11/2021
GB00B0744B38;24/11/2022
GB00B0744B38;24/11/2022
GB00B0744B38;24/11/2022
;03/01/2022
;03/01/2022
;17/03/2022
;17/03/2022
;17/03/2022
;17/03/2022
GB0031743007;11/08/2022
GB0031743007;11/08/2022
GB0031743007;11/08/2022
GB0031743007;11/08/2022
GB0031743007;11/08/2022
;18/08/2022
;18/08/2022
;22/04/2021
;22/04/2021
;21/10/2021
;16/01/2020
;16/01/2020
;23/06/2022
;04/10/2021
US1276861036;06/06/2018
US1276861036;06/06/2018
US1276861036;06/06/2018
;24/02/2022
;30/06/2022
;27/10/2022
US1344291091;24/03/2022
US1344291091;24/03/2022
;20/10/2022
;20/10/2022
;20/10/2022
;20/10/2022
;05/08/2021
;05/08/2021
;05/08/2021
;05/08/2021
CA1363751027;21/07/2021
CA1363751027;21/07/2021
CA13645T1003;29/07/2021
;24/02/2022
GB0031016099;23/07/2020
GB0031016099;23/07/2020
;18/08/2022
;23/06/2022
;23/06/2022
;23/06/2022
;23/06/2022
FR0000125338;28/07/2022
FR0000125338;28/07/2022
FR0000125338;28/07/2022
FR0000125338;28/07/2022
FR0000125338;28/07/2022
FR0000125338;28/07/2022
FR0000125338;28/07/2022
FR0000125338;28/07/2022
FR0000125338;08/10/2020
FR0000125338;08/10/2020
FR0000125338;08/10/2020
FR0000125338;08/10/2020
FR0000125338;08/10/2020
FR0000125338;08/10/2020
GB00B23K0M20;25/02/2021
GB00B23K0M20;25/02/2021
GB00B62G9D36;19/05/2022
SG1J27887962;12/05/2022
SG1J27887962;12/05/2022
;08/12/2022
VGG1890L1076;08/12/2022
VGG1890L1076;08/12/2022
;17/11/2022
;09/12/2021
;01/12/2022
;04/06/2019
;04/06/2019
;04/06/2019
;04/06/2019
;04/06/2019
;07/07/2022
US1417810058;06/11/2019
US1417810058;06/11/2019
FI0009013429;27/08/2020
FI0009013429;27/08/2020
DK0010181759;14/06/2017
DK0010181759;14/06/2017
DK0010181759;14/06/2017
DK0010181759;14/06/2017
DK0010181759;14/06/2017
FR0010828137;06/01/2022
;05/05/2022
;03/01/2022
;03/01/2022
;17/03/2022
FR0000120172;18/06/2020
FR0000120172;18/06/2020
FR0000120172;18/06/2020
FR0000120172;18/06/2020
;01/09/2022
US1462291097;28/07/2022
US1462291097;28/07/2022
CA1467721082;29/07/2021
CA1467721082;29/07/2021
;17/11/2022
FR0000125585;26/09/2019
FR0000125585;26/09/2019
FR0000125585;26/09/2019
FR0000125585;26/09/2019
JP3209000003;22/04/2021
JP3209000003;22/04/2021
SE0000379190;16/04/2020
SE0000379190;16/04/2020
SE0000379190;16/04/2020
;28/07/2022
;10/12/2020
SE0001664707;10/09/2020
;09/01/2022
;22/09/2022
;22/09/2022
;22/09/2022
;22/09/2022
;22/09/2022
;22/09/2022
;22/09/2022
;22/09/2022
;22/09/2022
;07/07/2022
US12504L1098;10/12/2020
US12504L1098;10/12/2020
US12504L1098;10/12/2020
CA15101Q1081;14/05/2020
CA15101Q1081;14/05/2020
ES0105066007;24/06/2021
ES0105066007;24/06/2021
ES0105066007;24/06/2021
;29/10/2020
NL0013995087;22/07/2021
MXP225611567;08/12/2022
MXP225611567;08/12/2022
MXP225611567;08/12/2022
MXP225611567;08/12/2022
MXP225611567;08/12/2022
MXP225611567;08/12/2022
MXP225611567;08/12/2022
MXP225611567;08/12/2022
MXP225611567;08/12/2022
MXP225611567;08/12/2022
MXP225611567;08/12/2022
MXP225611567;08/12/2022
MXP225611567;08/12/2022
;21/10/2021
NO0010003882;25/11/2021
;27/01/2022
DE0005403901;20/07/2017
DE0005403901;20/07/2017
CZ0005112300;16/06/2022
CZ0005112300;16/06/2022
CA12532H1047;23/09/2021
CA12532H1047;23/09/2021
CA12532H1047;23/09/2021
;16/04/2020
;16/04/2020
;16/04/2020
;31/03/2022
US1598641074;04/02/2021
US1598641074;04/02/2021
US1598641074;04/02/2021
;07/07/2022
TW0002385002;06/10/2022
TW0002385002;06/10/2022
TW0002385002;06/10/2022
TW0002385002;06/10/2022
TW0006412000;15/09/2022
TW0006412000;15/09/2022
TW0006412000;15/09/2022
TW0006412000;15/09/2022
;27/05/2021
;27/05/2021
;27/05/2021
;13/01/2022
;13/01/2022
US1696561059;04/11/2021
US1696561059;04/11/2021
US1700328099;27/05/2021
US1700328099;27/05/2021
CA17039A1066;21/07/2022
CA17039A1066;21/07/2022
CA17039A1066;21/07/2022
CA17039A1066;21/07/2022
CA17039A1066;21/07/2022
DK0060227585;09/12/2021
DK0060227585;09/12/2021
;16/12/2021
;16/12/2021
;16/12/2021
;04/10/2021
;22/09/2022
JP3519400000;16/12/2021
JP3519400000;16/12/2021
JP3519400000;16/12/2021
;05/05/2022
US1713401024;01/01/2022
US1713401024;01/01/2022
US1713401024;01/01/2022
;31/03/2022
US17275R1023;21/07/2022
US17275R1023;21/07/2022
US17275R1023;21/07/2022
US17275R1023;21/07/2022
US17275R1023;13/09/2018
US17275R1023;13/09/2018
SG1R89002252;06/01/2022
SG1R89002252;06/01/2022
SG1R89002252;06/01/2022
SG1R89002252;17/07/2018
SG1R89002252;17/07/2018
FI4000369947;16/09/2021
;09/12/2021
;08/12/2022
;08/12/2022
CH0012142631;18/02/2021
CH0012142631;18/02/2021
;25/02/2021
;10/12/2020
;10/12/2020
;21/04/2022
;21/04/2022
;24/06/2021
SE0002626861;07/07/2022
;19/05/2022
;08/12/2022
HK0002007356;23/09/2021
HK0002007356;23/09/2021
HK0002007356;23/09/2021
GB00BF044593;01/06/2021
;08/12/2022
;08/12/2022
;13/08/2020
;06/01/2022
GB00B4YZN328;24/02/2022
GB00B4YZN328;24/02/2022
GB00B4YZN328;24/02/2022
;03/11/2022
US19122T1097;10/12/2020
US19122T1097;10/12/2020
US19122T1097;10/12/2020
US1912411089;11/06/2020
US1912411089;11/06/2020
US1912411089;11/06/2020
CH0198251305;22/04/2021
CH0198251305;22/04/2021
BE0003593044;10/12/2020
;07/01/2022
;21/07/2022
CA19238T1003;28/01/2021
CA19238T1003;28/01/2021
CA19238T1003;28/01/2021
CA19238T1003;28/01/2021
CA19238T1003;28/01/2021
US1924461023;15/09/2022
US1924461023;15/09/2022
;04/11/2021
;04/11/2021
FR0000121634;25/11/2021
FR0000121634;25/11/2021
US1941621039;06/10/2022
US1941621039;06/10/2022
US1941621039;06/10/2022
US1941621039;06/10/2022
US1941621039;06/10/2022
US1941621039;13/08/2020
US1941621039;13/08/2020
US1941621039;13/08/2020
US1941621039;13/08/2020
US1941621039;13/08/2020
;24/11/2022
;24/11/2022
DK0060448595;30/06/2022
DK0060448595;30/06/2022
DK0060448595;30/06/2022
DK0060448595;30/06/2022
LU0253815640;04/10/2021
LU0253815640;04/10/2021
LU0253815640;04/10/2021
JP3305500005;16/04/2020
JP3305500005;16/04/2020
SG1N31909426;07/07/2022
SG1N31909426;07/07/2022
;27/05/2021
;29/09/2022
US2946281027;27/08/2019
CH0210483332;02/09/2021
CH0210483332;02/09/2021
CH0210483332;02/09/2021
CH0210483332;02/09/2021
BRCBAVACNOR5;05/05/2022
BRCBAVACNOR5;05/05/2022
BRCBAVACNOR5;05/05/2022
GB00BLNN3L44;21/10/2021
GB00BLNN3L44;21/10/2021
GB00BD6K4575;04/10/2021
GB00BD6K4575;04/10/2021
GB00BD6K4575;04/10/2021
US2058871029;04/03/2021
US2058871029;04/03/2021
;02/06/2022
AT0000A13JT9;20/09/2018
AT0000A13JT9;20/09/2018
;06/10/2022
;06/10/2022
;06/10/2022
NZCENE0001S6;10/06/2021
NZCENE0001S6;10/06/2021
NZCENE0001S6;10/06/2021
DE0005439004;03/12/2020
DE0005439004;03/12/2020
DE0005439004;03/12/2020
DE0005439004;03/12/2020
;10/03/2022
;06/10/2022
;06/10/2022
;21/07/2022
;09/12/2021
;09/12/2021
;09/12/2021
;09/12/2021
;16/12/2021
;16/12/2021
;16/12/2021
;16/12/2021
;16/12/2021
SE0007158829;05/05/2022
SE0007158829;05/05/2022
;24/11/2022
NL0010583399;01/12/2022
NL0010583399;01/12/2022
NL0010583399;10/10/2019
;06/10/2022
;30/09/2021
;10/03/2022
;24/03/2022
;24/03/2022
US2220702037;17/11/2022
US2220702037;17/11/2022
US2220702037;17/11/2022
GB00BYPHNG03;28/10/2021
GB00BYPHNG03;28/10/2021
FR0000064578;24/02/2022
FR0000064578;24/02/2022
;01/12/2022
;01/12/2022
;01/12/2022
LU0251710041;20/10/2022
LU0251710041;20/10/2022
GB0002318888;22/07/2021
GB0002318888;22/07/2021
;21/07/2022
IE0001827041;03/03/2022
;27/01/2022
GB00BYZWX769;01/06/2021
GB00BYZWX769;01/06/2021
US2283681060;23/07/2020
US2283681060;23/07/2020
;08/10/2020
;08/10/2020
US1264081035;01/01/2020
PTCTT0AM0001;21/09/2017
PTCTT0AM0001;21/09/2017
PTCTT0AM0001;21/09/2017
PTCTT0AM0001;21/09/2017
US2310211063;01/08/2019
US2310211063;01/08/2019
;12/09/2019
;12/09/2019
GB00B4Y7R145;22/07/2021
GB00B4Y7R145;22/07/2021
GB00B4Y7R145;22/07/2021
GB00B4Y7R145;22/07/2021
GB00BFZ4N465;21/07/2022
GB00BFZ4N465;21/07/2022
GB00BFZ4N465;21/07/2022
GB00BFZ4N465;21/07/2022
;26/08/2021
US1266501006;01/10/2021
US1266501006;01/10/2021
US1266501006;01/10/2021
US1266501006;01/10/2021
US1266501006;01/10/2021
US1266501006;01/10/2021
US23283R1005;04/08/2022
;26/05/2022
JP3493800001;13/05/2021
JP3493800001;13/05/2021
;28/01/2021
JP3475350009;18/06/2020
JP3475350009;18/06/2020
;13/10/2022
;27/08/2020
JP3485600005;08/12/2022
JP3485600005;08/12/2022
JP3485600005;08/12/2022
JP3486800000;01/04/2020
JP3486800000;01/04/2020
;24/06/2021
JP3505000004;22/07/2021
JP3505000004;22/07/2021
JP3505000004;22/07/2021
JP3505000004;22/07/2021
JP3046390005;04/08/2022
JP3046390005;04/08/2022
JP3046390005;04/08/2022
;22/09/2022
;21/04/2022
;21/04/2022
INE439L01019;17/02/2022
INE439L01019;17/02/2022
;13/10/2022
;22/09/2022
;23/06/2022
;23/06/2022
IT0000076486;01/09/2022
IT0000076486;01/09/2022
IT0000076486;01/09/2022
IT0000076486;01/09/2022
IT0000076486;01/09/2022
;08/12/2022
;08/12/2022
;07/04/2022
FR0000120644;01/12/2022
FR0000120644;01/12/2022
FR0000120644;01/12/2022
FR0000120644;01/12/2022
FR0000120644;15/11/2017
FR0000120644;15/11/2017
FR0000130650;03/06/2021
FR0000130650;03/06/2021
FR0000130650;03/06/2021
FR0000130650;03/06/2021
;24/11/2022
;24/11/2022
;24/11/2022
;24/11/2022
;24/11/2022
US23918K1088;27/05/2021
US23918K1088;27/05/2021
US23918K1088;27/05/2021
US23918K1088;27/05/2021
;15/09/2022
;15/09/2022
;04/10/2021
;04/10/2021
;14/03/2019
;14/03/2019
;14/04/2022
;24/06/2021
GB00B3DGH821;01/12/2022
GB00B3DGH821;01/12/2022
FR0124392772;04/10/2021
FR0124392772;04/10/2021
FR0124392772;04/10/2021
US2435371073;04/11/2021
US2435371073;04/11/2021
;04/08/2022
US2441991054;20/10/2022
US2441991054;20/10/2022
;20/10/2022
US24703L1035;29/04/2021
US24703L1035;29/04/2021
;15/10/2020
;15/10/2020
;15/10/2020
US2473617023;01/09/2022
;13/01/2022
TW0002308004;01/12/2022
TW0002308004;01/12/2022
TW0002308004;01/12/2022
TW0002308004;01/12/2022
TW0002308004;01/12/2022
TW0002308004;01/12/2022
TW0002308004;11/01/2018
TW0002308004;11/01/2018
;27/08/2020
;22/09/2022
;21/07/2022
;03/06/2021
;25/06/2020
;25/06/2020
;25/06/2020
;15/09/2022
JP3551520004;10/08/2017
JP3551520004;10/08/2017
GB00B4JV1B90;01/10/2021
GB00B4JV1B90;01/10/2021
GB00B4JV1B90;01/10/2021
GB0002652740;14/03/2019
GB0002652740;14/03/2019
;25/08/2022
;25/08/2022
;26/05/2022
DE0008220005;08/07/2020
DE0008220005;08/07/2020
DE0008220005;08/07/2020
DE0008220005;08/07/2020
DE0008220005;08/07/2020
DE0008220005;08/07/2020
DE0008220005;08/07/2020
DE0008220005;08/07/2020
;04/11/2021
;04/11/2021
DE0005552004;17/11/2022
DE0005552004;17/11/2022
DE0005557508;10/06/2019
DE0005557508;10/06/2019
DE0005557508;10/06/2019
;11/01/2022
;03/11/2022
;03/11/2022
;03/11/2022
;03/11/2022
AU000000DXS1;04/07/2019
AU000000DXS1;04/07/2019
;17/11/2022
;17/11/2022
;17/11/2022
;17/11/2022
KR7139130009;22/09/2022
KR7139130009;22/09/2022
KR7139130009;22/09/2022
KR7139130009;22/09/2022
KR7139130009;22/09/2022
KR7139130009;22/09/2022
KR7139130009;22/09/2022
KR7139130009;22/09/2022
KR7139130009;22/09/2022
KR7139130009;22/09/2022
KR7139130009;09/01/2022
KR7139130009;09/01/2022
;12/08/2021
;05/10/2018
;05/10/2018
;05/10/2018
;05/10/2018
GB0002374006;09/09/2021
GB0002374006;09/09/2021
GB0002374006;09/09/2021
;04/03/2021
;04/03/2021
;22/10/2020
;01/08/2019
;18/03/2021
US2538681030;03/12/2020
US2538681030;03/12/2020
;28/04/2022
SE0001634262;30/09/2021
GB00BY9D0Y18;11/01/2022
GB00BY9D0Y18;03/11/2022
GB00BY9D0Y18;03/11/2022
GB00BY9D0Y18;03/11/2022
GB00BY9D0Y18;03/11/2022
;09/09/2021
;30/09/2021
DE0005878003;04/10/2021
DE0005878003;04/10/2021
JP3924800000;16/12/2021
JP3924800000;16/12/2021
;04/08/2022
GB00BYN59130;18/08/2022
GB00BYN59130;18/08/2022
GB00BYN59130;18/08/2022
GB00BYN59130;18/08/2022
GB00BYN59130;18/08/2022
GB00BYN59130;18/08/2022
;07/07/2022
;07/07/2022
;17/11/2022
;09/09/2021
CH0011795959;13/10/2022
CH0011795959;13/10/2022
;10/06/2021
US2600031080;23/06/2021
US2600031080;23/06/2021
;04/08/2022
INE089A01023;26/05/2022
INE089A01023;26/05/2022
INE089A01023;26/05/2022
;09/09/2021
GB0008220112;16/06/2022
GB0008220112;16/06/2022
CH0002168083;28/05/2020
CH0002168083;28/05/2020
CH0002168083;28/05/2020
CH0002168083;28/05/2020
US2644115055;21/07/2022
DE0005565204;24/02/2022
DE0005565204;24/02/2022
GB00BJMD6M39;28/07/2022
GB00BJMD6M39;28/07/2022
GB00BJMD6M39;28/07/2022
DE000ENAG999;26/05/2022
DE000ENAG999;26/05/2022
DE000ENAG999;26/05/2022
DE000ENAG999;26/05/2022
US26915N2071;02/01/2022
US26915N2071;02/01/2022
US26915N2071;24/02/2022
US26915N2071;24/02/2022
US26915N2071;24/02/2022
US26915N2071;24/02/2022
US26915N2071;24/02/2022
US26915N2071;24/02/2022
;14/05/2020
;14/05/2020
;01/12/2022
GB00B7KR2P84;22/09/2022
IE00B8KQN827;30/07/2020
IE00B8KQN827;30/07/2020
US2786421030;21/10/2021
US2786421030;21/10/2021
;27/10/2022
;27/10/2022
;27/10/2022
;27/01/2022
;27/01/2022
;05/08/2021
;24/02/2022
;11/02/2021
US2788651006;18/06/2020
US2788651006;18/06/2020
;18/02/2021
;01/06/2021
;27/10/2022
;27/10/2022
;01/12/2022
;01/12/2022
;16/06/2022
FR0010242511;10/12/2020
FR0010242511;10/12/2020
;14/01/2021
;17/03/2022
;27/08/2020
;17/04/2018
;17/04/2018
;17/04/2018
PTEDP0AM0009;22/07/2021
PTEDP0AM0009;22/07/2021
BRENBRACNOR2;14/01/2021
;07/07/2022
;17/03/2022
;30/04/2020
;30/04/2020
;14/07/2022
;14/04/2022
;14/04/2022
;14/04/2022
JP3160400002;10/05/2019
JP3160400002;10/05/2019
JP3160400002;10/05/2019
;12/05/2022
JP3651080008;04/08/2022
JP3651080008;04/08/2022
;01/06/2021
;07/07/2022
;13/10/2022
;13/10/2022
;13/10/2022
;13/10/2022
SE0000103814;17/04/2018
SE0000103814;17/04/2018
;21/10/2021
;24/11/2022
US46048V1089;21/10/2021
US46048V1089;21/10/2021
US46048V1089;21/10/2021
BE0003822393;20/10/2022
FI0009007884;21/03/2018
FI0009007884;21/03/2018
;28/10/2021
;28/10/2021
NO0011002586;05/05/2022
NO0011002586;05/05/2022
NO0011002586;05/05/2022
NO0011002586;05/05/2022
NO0011002586;05/05/2022
;13/10/2022
;22/09/2022
US2910111044;01/03/2022
US2910111044;01/03/2022
ZAE000050712;17/11/2022
ZAE000050712;17/11/2017
CH0012829898;01/03/2021
CH0012829898;01/03/2021
;28/04/2022
IT0005176406;16/12/2021
IT0005176406;16/12/2021
;20/05/2021
;03/11/2022
;17/02/2022
IT0003128367;05/11/2020
IT0003128367;05/11/2020
IT0003128367;05/11/2020
;11/03/2021
;13/01/2022
;24/03/2022
;22/04/2021
FR0010208488;27/02/2020
FR0010208488;27/02/2020
SE0011166933;17/11/2021
SE0011166933;17/11/2021
SE0012853455;10/01/2021
SE0012853455;10/01/2021
SE0012853455;21/10/2021
SE0012853455;21/10/2021
SE0012853455;21/10/2021
US29444U7000;17/06/2021
US29444U7000;17/06/2021
US29444U7000;17/06/2021
US29444U7000;17/06/2021
US29444U7000;17/06/2021
;08/04/2021
FR0000131757;08/07/2021
FR0000131757;08/07/2021
FR0000131757;08/07/2021
FR0000131757;08/07/2021
;30/09/2021
IT0001157020;12/08/2021
IT0001157020;12/08/2021
;19/05/2022
SE0000108656;22/02/2018
SE0000108656;22/02/2018
SE0000108656;22/02/2018
SE0000108656;22/02/2018
;08/07/2021
;08/07/2021
;02/06/2022
;03/11/2022
;13/05/2021
;01/06/2021
SE0009922164;16/06/2022
SE0009922164;16/06/2022
;16/12/2021
;17/06/2021
;17/11/2022
US29786A1060;25/08/2022
US29786A1060;25/08/2022
US29786A1060;25/08/2022
US29786A1060;25/08/2022
US29786A1060;25/08/2022
US29786A1060;29/04/2021
US29786A1060;29/04/2021
SG2F76992880;10/03/2022
;28/01/2021
FR0000121121;02/01/2022
FR0000121121;02/01/2022
FR0000121121;24/02/2022
FR0000121121;24/02/2022
FR0000121121;24/02/2022
;18/02/2021
FR0012789949;14/04/2022
FR0012789949;14/04/2022
;14/04/2022
;09/01/2022
;29/09/2022
;29/09/2022
;23/09/2021
;01/03/2021
;01/03/2021
AT0000741053;16/12/2021
AT0000741053;16/12/2021
AT0000741053;16/12/2021
AT0000741053;16/12/2021
AT0000741053;16/12/2021
;23/06/2022
;23/06/2022
;23/06/2022
;23/06/2022
;23/06/2022
;23/06/2022
GB00B19NLV48;26/08/2021
GB00B19NLV48;26/08/2021
;29/07/2021
;29/07/2021
;29/07/2021
;29/07/2021
;13/10/2022
;10/11/2022
SE0011166974;04/02/2021
;10/03/2022
JP3802600001;02/04/2020
JP3802600001;02/04/2020
JP3802400006;04/08/2022
JP3802400006;04/08/2022
TW0004904008;01/08/2019
TW0004904008;01/08/2019
KY30744W1070;24/02/2022
KY30744W1070;24/02/2022
;28/07/2022
US3076751086;01/08/2019
US3076751086;01/08/2019
JP3802300008;23/09/2021
JP3802300008;23/09/2021
JP3802300008;23/09/2021
IT0001423562;01/09/2020
IT0001423562;01/09/2020
IT0001423562;01/09/2020
IT0001423562;01/09/2020
FR0000121147;12/11/2020
FR0000121147;12/11/2020
FR0000121147;12/11/2020
;16/12/2021
;16/12/2021
;16/12/2021
;01/09/2022
GB00BLWDVP51;28/07/2022
GB00BLWDVP51;28/07/2022
;29/09/2022
;10/12/2020
;10/12/2020
;13/01/2022
;13/01/2022
;13/01/2022
;13/01/2022
;13/01/2022
;13/01/2022
ES0118900010;20/07/2017
ES0118900010;20/07/2017
ES0118900010;20/07/2017
GB00BRJ9BJ26;05/08/2021
;22/10/2020
GB00B8B4R053;28/04/2022
;28/07/2022
;28/07/2022
;24/02/2022
;15/09/2022
;15/09/2022
;15/09/2022
;15/09/2022
;15/09/2022
;15/09/2022
;20/10/2022
NZFAPE0001S2;01/06/2020
NZFAPE0001S2;01/06/2020
FI0009000400;08/10/2020
FI0009000400;08/10/2020
FI0009000400;08/10/2020
;10/11/2022
NZFBUE0001S0;19/12/2019
NZFBUE0001S0;19/12/2019
SG9999000020;22/04/2021
SG9999000020;22/04/2021
;20/01/2022
;28/07/2022
;15/09/2022
;15/09/2022
;15/09/2022
;27/05/2021
DK0010234467;06/05/2021
DK0010234467;06/05/2021
DK0010234467;06/05/2021
FR0011476928;27/10/2022
FR0011476928;27/10/2022
FR0011476928;27/10/2022
;27/10/2022
;25/02/2021
NZFCGE0001S7;05/11/2020
NZFCGE0001S7;05/11/2020
;24/02/2022
;24/02/2022
;24/02/2022
;24/02/2022
;24/02/2022
US3453708600;31/03/2021
US3453708600;31/03/2021
;16/09/2021
;15/04/2021
;30/06/2022
TH3786010Z01;23/07/2020
TH3786010Z01;23/07/2020
TH3786010Z01;23/07/2020
;30/06/2022
;30/06/2022
;30/06/2022
;30/06/2022
;13/05/2021
;13/05/2021
;07/07/2022
;08/10/2020
;10/06/2021
;10/06/2021
;09/05/2019
;09/05/2019
;08/12/2022
;08/12/2022
;08/10/2020
KYG367381053;04/11/2021
KYG367381053;04/11/2021
;11/08/2022
;11/08/2022
;28/04/2022
;04/10/2021
;04/10/2021
;04/10/2021
;10/01/2021
;10/01/2021
;01/10/2021
;01/10/2021
TW0002881000;09/01/2022
TW0002881000;29/09/2022
TW0002881000;29/09/2022
TW0002881000;29/09/2022
TW0002881000;29/09/2022
TW0002881000;29/09/2022
TW0002881000;29/09/2022
;08/12/2022
;08/12/2022
;08/12/2022
JP3816400000;14/05/2020
JP3816400000;14/05/2020
JP3814000000;30/07/2020
;28/04/2022
;28/04/2022
;04/03/2021
JP3818000006;15/04/2021
JP3818000006;15/04/2021
;07/07/2022
;18/08/2022
JP3827200001;04/08/2022
JP3827200001;04/08/2022
IE0003295239;04/10/2021
IE0003295239;04/10/2021
;29/09/2022
US3647601083;31/01/2020
US3647601083;31/01/2020
US3647601083;31/01/2020
DE0006602006;23/09/2021
DE0006602006;23/09/2021
;10/03/2022
FR0010040865;28/04/2022
FR0010040865;28/04/2022
;11/02/2021
;30/07/2020
;23/06/2022
US3703341046;07/01/2021
US3703341046;07/01/2021
US3703341046;07/01/2021
US37045V1008;20/05/2021
US37045V1008;20/05/2021
;01/06/2021
NZGNEE0001S7;07/01/2021
NZGNEE0001S7;07/01/2021
CH0001752309;27/10/2022
CH0001752309;27/10/2022
;25/08/2022
;25/08/2022
;25/08/2022
;25/08/2022
ES0105223004;14/05/2020
ES0105223004;14/05/2020
;29/07/2021
FR0010533075;19/08/2021
FR0010533075;19/08/2021
;03/11/2022
;03/11/2022
;08/12/2022
;22/09/2022
US3755581036;27/05/2021
US3755581036;27/05/2021
CH0010645932;23/09/2019
CH0010645932;23/09/2019
IE0000669501;24/06/2021
IE0000669501;24/06/2021
GB0009252882;29/10/2020
GB0009252882;29/10/2020
;23/06/2022
;23/06/2022
;23/06/2022
;01/12/2022
;01/12/2022
;28/07/2022
;20/01/2022
;20/01/2022
GB0003753778;12/08/2021
;08/12/2022
;08/12/2022
;08/12/2022
;08/12/2022
;08/12/2022
;08/12/2022
;08/12/2022
;28/04/2022
;08/12/2022
;08/12/2022
GB0033600353;28/04/2022
;08/12/2022
;20/01/2022
;20/01/2022
AU000000GMG2;11/08/2022
AU000000GMG2;11/08/2022
AU000000GMG2;11/08/2022
;01/11/2019
;01/11/2019
GB00B01FLL16;02/11/2021
;07/05/2020
;20/01/2022
ES0105293007;17/02/2022
IE0003864109;04/10/2021
IE0003864109;04/10/2021
;25/02/2021
;26/11/2020
BE0003765790;12/05/2022
BE0003765790;12/05/2022
;04/06/2019
NO0010365521;20/08/2020
NO0010365521;20/08/2020
;26/08/2021
;11/06/2020
;11/06/2020
;20/01/2022
;08/04/2021
;04/08/2022
;04/08/2022
BE0003797140;01/01/2022
BE0003797140;27/01/2022
BE0003797140;27/01/2022
BE0003797140;27/01/2022
BE0003797140;27/01/2022
BE0003797140;27/01/2022
BE0003797140;27/01/2022
;21/11/2019
;21/11/2019
;21/11/2019
FR0000131906;08/05/2019
FR0000131906;08/05/2019
FR0000121709;14/03/2019
FR0000121709;14/03/2019
FR0000121709;14/03/2019
;10/11/2022
;10/11/2022
;10/11/2022
;10/11/2022
;10/11/2022
;10/11/2022
;10/11/2022
;10/11/2022
;10/11/2022
MXP495211262;28/10/2021
MXP495211262;28/10/2021
MXP495211262;28/10/2021
MXP495211262;28/10/2021
ES0129743318;21/07/2022
ES0129743318;21/07/2022
;15/07/2021
;15/07/2021
;15/07/2021
;15/07/2021
;07/07/2022
;17/11/2022
;25/11/2021
;25/11/2021
;12/08/2021
;12/08/2021
;01/12/2022
;01/12/2022
;01/03/2022
;27/10/2022
;04/10/2021
;04/10/2021
;04/10/2021
US4016171054;07/01/2021
US4016171054;07/01/2021
;07/04/2022
;27/10/2022
;17/11/2022
;22/09/2022
;02/06/2022
;02/06/2022
SE0000106270;22/09/2022
SE0000106270;22/09/2022
SE0000106270;22/09/2022
SE0000106270;22/09/2022
SE0000106270;22/09/2022
SE0000106270;22/09/2022
SE0000106270;22/09/2022
;30/09/2021
DK0015202451;31/03/2022
DK0015202451;31/03/2022
;06/10/2022
;27/10/2022
GB00B012TP20;14/04/2022
GB00B012TP20;14/04/2022
GB00B012TP20;14/04/2022
;28/04/2022
;28/04/2022
;28/04/2022
;24/06/2021
JP3771800004;25/11/2021
JP3771800004;25/11/2021
JP3771800004;25/11/2021
;24/02/2022
KR7086790003;10/01/2022
KR7086790003;06/10/2022
KR7086790003;06/10/2022
KR7086790003;06/10/2022
KR7086790003;06/10/2022
KR7086790003;06/10/2022
KR7086790003;06/10/2022
KR7086790003;06/10/2022
KR7086790003;06/10/2022
KR7086790003;06/10/2022
KR7086790003;06/10/2022
KR7086790003;06/10/2022
KR7086790003;06/10/2022
KR7086790003;06/10/2022
KR7086790003;06/10/2022
KR7086790003;06/10/2022
KR7086790003;06/10/2022
KR7086790003;06/10/2022
KR7086790003;06/10/2022
KR7086790003;06/10/2022
;28/07/2022
US41068X1000;07/01/2022
US41068X1000;07/01/2022
US41068X1000;21/07/2022
;30/06/2022
;20/10/2022
;02/09/2021
;17/02/2022
;04/08/2022
;07/04/2022
;17/03/2022
;01/09/2022
JP3768600003;02/06/2022
JP3768600003;02/06/2022
;01/12/2022
;04/10/2021
GB0004161021;31/03/2022
GB0004161021;31/03/2022
GB0004161021;31/03/2022
GB0004161021;31/03/2022
JP3767810009;05/12/2019
JP3767810009;05/12/2019
INE860A01027;26/05/2022
INE860A01027;26/05/2022
;04/08/2022
;14/04/2022
US40414L1098;12/12/2019
US40414L1098;12/12/2019
US40414L1098;12/12/2019
US40414L1098;12/12/2019
DE0006047004;09/06/2022
DE0006047004;09/06/2022
SE0015949037;08/12/2022
SE0015949037;08/12/2022
NL0000009165;02/09/2021
NL0000009165;02/09/2021
;24/11/2022
;24/11/2022
;24/11/2022
;28/07/2022
;05/05/2022
;17/11/2022
;17/11/2022
BMG4388N1065;28/10/2021
BMG4388N1065;28/10/2021
BMG4388N1065;28/10/2021
BMG4388N1065;28/10/2021
GRS260333000;01/04/2022
GRS260333000;01/04/2022
GRS260333000;01/04/2022
GRS260333000;01/04/2022
GRS260333000;01/04/2022
GRS260333000;01/04/2022
;07/04/2022
;07/04/2022
DE0006048432;19/03/2020
DE0006048432;19/03/2020
DE0006048432;19/03/2020
IT0001250932;22/04/2021
IT0001250932;22/04/2021
IT0001250932;22/04/2021
IT0001250932;22/04/2021
;15/04/2021
;15/04/2021
FR0000052292;03/02/2022
FR0000052292;03/02/2022
FR0000052292;03/02/2022
FR0000052292;03/02/2022
FR0000052292;03/02/2022
;12/05/2022
US42824C1099;21/07/2022
US42824C1099;21/07/2022
US42824C1099;21/07/2022
US42824C1099;21/07/2022
US42824C1099;21/07/2022
US42824C1099;09/12/2016
US42824C1099;23/08/2019
US42824C1099;23/08/2019
US42824C1099;23/08/2019
;01/11/2021
;01/11/2021
;11/01/2021
;11/01/2021
;11/01/2021
;30/06/2022
;24/11/2022
US43300A2033;21/07/2022
US43300A2033;21/07/2022
GB00B1V9NW54;15/07/2021
GB00B1V9NW54;15/07/2021
INE267A01025;01/08/2021
INE267A01025;01/08/2021
;10/11/2022
JP3787000003;10/05/2019
JP3787000003;10/05/2019
JP3788600009;10/12/2020
JP3788600009;10/12/2020
HK0000179108;22/09/2022
;22/09/2022
US4042511000;20/08/2020
US4042511000;20/08/2020
;06/10/2022
;06/10/2022
;06/10/2022
;27/01/2022
;27/10/2022
CH0012214059;10/11/2022
CH0012214059;10/11/2022
CH0012214059;10/11/2022
CH0012214059;10/11/2022
CH0012214059;10/11/2022
CH0012214059;10/11/2022
CH0012214059;10/11/2022
CH0012214059;10/11/2022
CH0012214059;10/11/2022
CH0012214059;24/09/2020
CH0012214059;24/09/2020
CH0012214059;24/09/2020
SE0011090018;10/03/2022
SE0011090018;10/03/2022
SE0011090018;10/03/2022
SE0011090018;10/03/2022
SE0011090018;10/03/2022
;11/08/2022
;24/06/2021
;24/06/2021
;24/06/2021
;08/12/2022
BMG4587L1090;21/07/2022
BMG4587L1090;21/07/2022
;22/09/2022
;01/12/2022
US44107P1049;07/05/2020
;28/01/2021
;14/04/2022
;21/07/2022
;13/01/2022
US40434L1052;25/08/2022
US40434L1052;25/08/2022
US40434L1052;12/07/2017
US40434L1052;21/08/2019
US40434L1052;27/02/2020
;27/01/2022
CH0030380734;15/10/2019
CH0030380734;15/10/2019
US4440971095;24/02/2022
SE0000170375;25/08/2022
;30/06/2022
DE000A1PHFF7;01/04/2020
DE000A1PHFF7;01/04/2020
FI0009000459;23/09/2021
FI0009000459;23/09/2021
FI0009000459;23/09/2021
ZAE000096210;01/06/2020
ZAE000096210;01/06/2020
JP3360800001;26/05/2022
JP3360800001;26/05/2022
JP3360800001;26/05/2022
;24/11/2022
;24/11/2022
;27/10/2022
SE0001662230;04/06/2020
;16/12/2021
;16/12/2021
US4485791028;11/11/2021
US4485791028;11/11/2021
US4485791028;11/11/2021
;25/08/2022
;04/10/2021
ES0144580Y14;10/11/2022
ES0144580Y14;10/11/2022
ES0144580Y14;10/11/2022
ES0144580Y14;10/11/2022
ES0144580Y14;10/11/2022
ES0144580Y14;10/11/2022
ES0144580Y14;10/11/2022
ES0144580Y14;10/11/2022
ES0144580Y14;10/11/2022
ES0144580Y14;10/11/2022
ES0144580Y14;10/11/2022
ES0144580Y14;03/12/2020
;20/10/2022
;20/10/2022
SE0000652216;06/09/2018
SE0000652216;06/09/2018
FR0000035081;17/11/2022
FR0000035081;17/11/2022
FR0000035081;17/11/2022
FR0000035081;17/11/2022
US44925C1036;22/04/2021
US44925C1036;22/04/2021
US44925C1036;22/04/2021
;28/07/2022
;25/03/2021
;12/05/2022
;10/03/2022
LT0000115768;01/12/2021
LT0000115768;01/12/2021
LT0000115768;01/12/2021
LT0000115768;01/12/2021
;21/04/2022
;07/01/2022
;21/07/2022
;21/07/2022
;18/06/2020
;18/06/2020
;18/06/2020
;18/06/2020
;18/06/2020
US4523271090;30/06/2022
US4523271090;30/06/2022
US4523271090;30/06/2022
US4523271090;30/06/2022
US4523271090;30/06/2022
US4523271090;30/06/2022
FR0000120859;22/08/2019
FR0000120859;22/08/2019
;22/09/2022
GB0004544929;21/08/2019
GB0004544929;21/08/2019
GB0004544929;21/08/2019
ES0148396007;27/08/2020
ES0148396007;27/08/2020
INE483B01026;14/07/2022
INE483B01026;14/07/2022
ES0118594417;10/06/2021
ES0118594417;10/06/2021
ES0118594417;10/06/2021
ES0118594417;10/06/2021
;07/07/2022
GB00BMJ6DW54;18/02/2021
GB00BMJ6DW54;18/02/2021
;06/01/2022
INE009A01021;13/05/2021
INE009A01021;13/05/2021
INE009A01021;13/05/2021
INE009A01021;13/05/2021
;14/04/2022
;18/06/2020
;18/06/2020
;18/06/2020
US4571871023;01/12/2022
US4571871023;01/12/2022
;06/10/2022
;06/10/2022
ES0139140174;24/03/2022
;29/10/2020
;29/10/2020
DE000A2NBX80;24/02/2022
GB00BHJYC057;16/12/2021
US4586653044;16/09/2021
US4586653044;16/09/2021
US4586653044;16/09/2021
US4586653044;16/09/2021
US4586653044;16/09/2021
US4586653044;16/09/2021
US4586653044;17/09/2021
GB0004564430;11/01/2021
GB0004564430;04/11/2021
GB0004564430;04/11/2021
;01/12/2022
US4595061015;26/06/2018
US4595061015;26/06/2018
US4601461035;11/11/2021
US4601461035;11/11/2021
US4601461035;11/11/2021
;05/02/2016
;05/02/2016
;05/02/2016
;01/12/2021
;22/10/2020
;22/10/2020
;22/10/2020
US4612021034;22/04/2019
US4612021034;22/04/2019
AU000000IPG1;17/01/2019
AU000000IPG1;17/01/2019
AU000000IPG1;17/01/2019
AU000000IPG1;17/01/2019
KYG4771L1059;10/01/2021
KYG4771L1059;10/01/2021
KYG4771L1059;01/10/2021
KYG4771L1059;01/10/2021
IT0005090300;17/02/2022
;29/07/2021
;20/01/2022
FR0010259150;01/09/2022
FR0010259150;01/09/2022
;03/03/2022
;20/10/2022
8156001EBD33FD474E60;24/03/2022
8156001EBD33FD474E60;24/03/2022
8156001EBD33FD474E60;24/03/2022
8156001EBD33FD474E60;24/03/2022
;10/03/2022
US46284V1017;26/02/2019
;30/06/2022
;26/08/2021
GB0033986497;18/03/2021
GB0033986497;18/03/2021
GB0033986497;18/03/2021
;19/05/2022
;05/05/2022
GB00B019KW72;01/11/2020
GB00B019KW72;01/11/2020
GB00B019KW72;01/11/2020
GB00B019KW72;01/11/2020
JP3386380004;27/01/2022
JP3386380004;27/01/2022
;03/01/2022
;10/03/2022
;10/03/2022
US4698141078;21/04/2022
US4698141078;21/04/2022
US4698141078;21/04/2022
US4698141078;21/04/2022
US4698141078;21/04/2022
US47010BAK08;31/03/2022
US47010BAK08;31/03/2022
US47010BAK08;31/03/2022
;07/07/2022
;21/04/2022
;14/04/2022
JP3027680002;26/05/2022
JP3726800000;26/02/2019
JP3726800000;26/02/2019
JP90B0055YF6;24/02/2022
KR7175330000;06/01/2022
KR7175330000;16/06/2022
KR7175330000;16/06/2022
KR7175330000;16/06/2022
KR7175330000;16/06/2022
KR7175330000;16/06/2022
KR7175330000;16/06/2022
KR7175330000;16/06/2022
KR7175330000;16/06/2022
KR7175330000;16/06/2022
KR7175330000;16/06/2022
KYG5074S1012;12/11/2020
KYG5074S1012;12/11/2020
KYG5074S1012;12/11/2020
GB00BYX91H57;16/06/2022
GB00BYX91H57;16/06/2022
GB00BYX91H57;16/06/2022
NL0014332678;10/02/2022
NL0014332678;10/02/2022
;30/01/2020
;30/01/2020
United;01/12/2022
;17/11/2021
;22/09/2022
;28/04/2022
;08/12/2022
US48020Q1076;11/11/2021
US48020Q1076;11/11/2021
US48020Q1076;11/11/2021
;21/07/2022
;01/09/2022
US4781601046;19/11/2020
US4781601046;19/11/2020
IE00BY7QL619;07/03/2021
IE00BY7QL619;07/03/2021
GB00BZ4BQC70;21/10/2021
GB00BZ4BQC70;21/10/2021
;28/04/2022
;29/09/2022
;03/02/2022
;22/09/2022
;04/10/2021
SE0010520254;24/02/2022
;22/09/2022
JP3208200000;24/02/2022
JP3208200000;24/02/2022
;02/09/2021
GB00BZ0D6727;23/06/2022
GB00BZ0D6727;23/06/2022
;04/08/2022
;28/07/2022
US4851703029;06/05/2021
;02/06/2022
JP3205800000;17/03/2022
JP3205800000;17/03/2022
JP3205800000;17/03/2022
;03/02/2022
;04/08/2022
;04/08/2022
FR0004007813;14/04/2022
FR0004007813;14/04/2022
;12/11/2020
;31/03/2022
JP3223800008;09/02/2017
JP3223800008;09/02/2017
;08/12/2022
;09/06/2022
;15/04/2021
;08/10/2020
;08/10/2020
;08/10/2020
;08/10/2020
;08/10/2020
KR7105560007;10/01/2021
KR7105560007;21/10/2021
KR7105560007;21/10/2021
KR7105560007;21/10/2021
KR7105560007;21/10/2021
KR7105560007;21/10/2021
KR7105560007;21/10/2021
KR7105560007;21/10/2021
KR7105560007;21/10/2021
KR7105560007;21/10/2021
KR7105560007;21/10/2021
KR7105560007;21/10/2021
KR7105560007;21/10/2021
KR7105560007;21/10/2021
;28/04/2022
JP3496400007;24/03/2022
JP3496400007;24/03/2022
;22/09/2022
;22/09/2022
;22/09/2022
;22/09/2022
;22/09/2022
;22/09/2022
;22/09/2022
;22/09/2022
;22/09/2022
US4878361082;03/03/2021
US4878361082;03/03/2021
;29/09/2022
;29/09/2022
SG1R31002210;16/12/2021
SG1R31002210;16/12/2021
FR0000121485;04/03/2021
FR0000121485;04/03/2021
FR0000121485;04/03/2021
IE0004906560;09/12/2021
IE0004906560;09/12/2021
;14/04/2022
FI0009000202;25/11/2021
FI0009000202;25/11/2021
FI0009000202;25/11/2021
US26138E1091;27/08/2020
US26138E1091;27/08/2020
US26138E1091;27/08/2020
US49427F1084;27/09/2018
US49427F1084;27/09/2018
US4943681035;25/06/2020
US4943681035;25/06/2020
US49446R1095;25/02/2021
;08/12/2022
;08/12/2022
GB0033195214;21/06/2021
GB0033195214;21/06/2021
;02/09/2021
IE0004927939;08/07/2021
IE0004927939;08/07/2021
JP3258000003;11/08/2022
JP3258000003;11/08/2022
JP3258000003;11/08/2022
JP3258000003;11/08/2022
;02/01/2022
;02/01/2022
;24/02/2022
;16/06/2022
;28/07/2022
BRKLBNCDAM18;27/05/2021
BRKLBNCDAM18;27/05/2021
FR0000121964;10/03/2020
FR0000121964;10/03/2020
DE000KC01000;13/01/2022
DE000KC01000;13/01/2022
DE000KC01000;13/01/2022
DE000KC01000;13/01/2022
DE000KC01000;13/01/2022
DE000KC01000;13/01/2022
DE000KC01000;13/01/2022
;09/09/2021
;09/09/2021
;21/07/2022
SE0000421273;31/03/2022
SE0000421273;31/03/2022
;30/06/2022
JP3301100008;27/10/2022
JP3301100008;27/10/2022
;24/11/2022
;29/09/2022
;08/12/2022
JP3293800003;04/10/2021
JP3293800003;04/10/2021
;30/06/2022
JP3304200003;21/04/2022
JP3304200003;21/04/2022
FI0009013403;01/10/2020
FI0009013403;01/10/2020
FI0009013403;01/10/2020
FI0009005870;03/02/2022
FI0009005870;03/02/2022
JP3300600008;07/03/2017
NL0011794037;27/08/2020
NL0011794037;27/08/2020
NL0000009082;06/04/2017
NL0000009082;06/04/2017
NL0000009082;06/04/2017
NL0000009082;06/04/2017
JP3283650004;31/03/2021
JP3283650004;31/03/2021
;07/07/2022
;03/11/2022
JP3292000001;07/04/2022
;25/11/2021
;25/11/2021
;27/05/2021
;27/05/2021
;04/06/2020
;04/06/2020
DE0006335003;12/11/2020
DE0006335003;12/11/2020
;27/01/2022
CH0025238863;15/07/2021
JP3266800006;11/03/2021
JP3266800006;11/03/2021
JP3266800006;11/03/2021
JP3266800006;11/03/2021
SE0000549412;06/05/2021
;17/11/2022
;27/01/2022
JP3249600002;19/05/2022
JP3249600002;19/05/2022
;21/07/2022
JP3256900006;28/01/2021
;28/07/2022
;14/07/2022
;14/07/2022
;14/07/2022
;27/05/2021
;10/01/2021
;10/01/2021
;21/10/2021
;21/10/2021
;21/10/2021
;21/10/2021
;21/10/2021
;21/10/2021
;21/10/2021
;20/10/2022
;05/09/2019
;05/09/2019
;05/09/2019
;05/09/2019
;23/08/2019
;23/08/2019
;10/11/2022
;10/11/2022
;10/11/2022
;10/11/2022
;22/09/2022
US5128071082;27/10/2022
US5128071082;27/10/2022
US5128071082;27/10/2022
;28/10/2021
GB00BYW0PQ60;15/12/2016
;05/11/2020
;05/11/2020
DE0005470405;04/08/2022
DE0005470405;04/08/2022
;22/10/2020
;08/12/2022
FI0009010854;05/03/2020
FI0009010854;05/03/2020
;17/11/2021
FR0000072399;01/09/2022
FR0000072399;01/09/2022
;04/10/2021
;04/03/2021
FR0010307819;12/08/2021
FR0010307819;12/08/2021
US5261071071;06/01/2022
US5261071071;06/01/2022
HK0992009065;30/07/2020
HK0992009065;30/07/2020
HK0992009065;30/07/2020
HK0992009065;30/07/2020
AT0000644505;05/12/2019
AT0000644505;05/12/2019
AT0000644505;05/12/2019
;21/04/2022
;21/04/2022
NO0003096208;06/05/2021
;17/11/2022
;17/11/2022
;17/11/2022
US52736R1023;31/07/2018
US52736R1023;31/07/2018
KR7066570003;25/11/2021
KR7066570003;25/11/2021
KR7066570003;25/11/2021
GB00B8W67662;03/12/2020
GB00B8W67662;03/12/2020
GB00B8W67662;03/12/2020
GB00B8W67662;03/12/2020
;10/05/2019
;10/05/2019
;10/05/2019
;24/06/2021
;25/11/2021
;25/11/2021
;25/11/2021
US74005P1049;20/10/2022
;10/06/2021
;10/06/2021
;27/01/2022
JP3965400009;01/08/2020
TW0002301009;25/04/2019
TW0002301009;25/04/2019
;21/04/2022
JP3626800001;16/11/2017
JP3626800001;16/11/2017
;17/11/2021
;17/11/2021
LU0501835309;17/11/2022
LU0501835309;17/11/2022
LU0501835309;17/11/2022
LU0501835309;17/11/2022
LU0501835309;17/11/2022
LU0501835309;17/11/2022
LU0501835309;17/11/2022
;01/12/2022
ES0105027009;23/04/2020
ES0105027009;23/04/2020
BRLRENACNOR1;14/04/2022
BRLRENACNOR1;14/04/2022
;22/04/2021
GB00B0SWJX34;16/12/2021
GB00B0SWJX34;16/12/2021
GB00B0SWJX34;16/12/2021
GB00B0SWJX34;16/12/2021
;22/09/2022
FR0000120321;17/04/2018
FR0000120321;17/04/2018
;01/09/2022
;01/09/2022
;01/09/2022
;23/06/2022
;23/06/2022
;23/06/2022
FR0004620037;02/09/2021
FR0004620037;02/09/2021
;17/11/2022
DE0008232125 (Deutsche Lufthansa AG);04/08/2022
US5500211090;25/06/2020
US5500211090;25/06/2020
US52729N3089;23/08/2019
US52729N3089;23/08/2019
DK0010287234;04/02/2021
DK0010287234;04/02/2021
FR0000121014;20/01/2022
FR0000121014;20/01/2022
FR0000121014;20/01/2022
;19/05/2022
;19/05/2022
;19/05/2022
TW0002882008;13/01/2022
;08/12/2022
;08/12/2022
;14/07/2022
;14/07/2022
;24/06/2021
;28/01/2021
;19/11/2020
;24/06/2021
JP3861200008;05/09/2019
JP3861200008;05/09/2019
;15/10/2020
;15/10/2020
;15/10/2020
;28/07/2022
HU0000073507;17/09/2019
HU0000073507;17/09/2019
INE101A01026;16/01/2020
INE101A01026;16/01/2020
;07/05/2020
;07/05/2020
;29/07/2021
;29/07/2021
;03/02/2022
;03/02/2022
;03/02/2022
;04/11/2019
;04/11/2019
INE215D01010;29/10/2020
INE215D01010;29/10/2020
;21/11/2019
;21/11/2019
;12/11/2020
;12/11/2020
INE998I01010;24/02/2020
INE998I01010;24/02/2020
INE813A01018;07/11/2019
INE813A01018;07/11/2019
INE766P01016;10/12/2020
INE766P01016;10/12/2020
JP3342000001;17/04/2018
JP3342000001;17/04/2018
JP3342000001;17/04/2018
;03/06/2021
;03/06/2021
;07/11/2019
;07/11/2019
;07/11/2019
FR0013153541;19/09/2019
FR0013153541;19/09/2019
;26/05/2022
;26/05/2022
;12/05/2022
;28/04/2022
;30/09/2021
;30/09/2021
;28/04/2022
;28/04/2022
;22/09/2022
;22/09/2022
;22/09/2022
;22/04/2021
;22/04/2021
;02/06/2022
;02/06/2022
FR0000038606;04/08/2022
FR0000038606;04/08/2022
;15/10/2020
;15/10/2020
;15/10/2020
;15/10/2020
US56418H1005;25/11/2021
US56418H1005;25/11/2021
;05/05/2022
CA5649051078;07/11/2019
CA5649051078;07/11/2019
IS0000000388;08/12/2022
IS0000000388;08/12/2022
BRMRFGACNOR0;14/04/2022
BRMRFGACNOR0;14/04/2022
BRMRFGACNOR0;14/04/2022
GB0031274896;01/12/2022
GB0031274896;01/12/2022
GB0031274896;01/12/2022
;13/09/2017
;13/09/2017
;13/09/2017
;13/09/2017
GB00B012BV22;04/08/2022
GB00B012BV22;04/08/2022
GB00B012BV22;04/08/2022
;17/11/2022
JP3870400003;01/09/2019
JP3870400003;01/09/2019
JP3870400003;01/09/2019
;20/10/2022
;04/08/2022
;14/04/2022
;27/10/2022
;11/11/2021
;11/11/2021
US57636Q1040;11/06/2020
US57636Q1040;11/06/2020
;23/06/2022
;06/10/2022
;04/03/2021
;15/09/2022
;07/04/2022
;27/10/2022
AT0000938204;21/04/2022
AT0000938204;21/04/2022
AT0000938204;21/04/2022
;19/05/2022
;06/05/2021
;06/05/2021
;06/05/2021
US5797802064;28/07/2022
US5797802064;28/07/2022
US5801351017;21/03/2018
US5801351017;21/03/2018
;11/03/2021
;11/03/2021
;08/12/2022
;09/01/2022
;15/09/2022
;15/09/2022
;15/09/2022
JP3919800007;06/05/2021
JP3919800007;06/05/2021
JP3918000005;21/10/2021
JP3918000005;21/10/2021
;24/11/2022
;07/04/2022
;07/04/2022
;07/04/2022
ES0176252718;16/09/2021
ES0176252718;16/09/2021
ES0176252718;16/09/2021
ES0176252718;16/09/2021
;21/04/2022
;22/11/2019
;22/11/2019
US5880561015;01/05/2022
US5880561015;01/05/2022
US5880561015;01/05/2022
FR0010241638;12/09/2019
FR0010241638;12/09/2019
FR0010241638;12/09/2019
FR0010241638;12/09/2019
US58933Y1055;16/09/2021
US58933Y1055;16/09/2021
DE0006599905;12/05/2022
DE0006599905;12/05/2022
NZMELE0002S7;15/09/2022
NZMELE0002S7;15/09/2022
;14/07/2022
;29/08/2019
;29/08/2019
FI0009000665;01/12/2019
FI0009000665;01/12/2019
FI0009007835;29/10/2020
FI0009007835;29/10/2020
FI0009007835;29/10/2020
FI0009007835;29/10/2020
FI0009007835;29/10/2020
US5926881054;01/12/2022
US5926881054;01/12/2022
US5926881054;01/12/2022
US5926881054;01/12/2022
US5926881054;01/12/2022
;28/04/2022
;19/05/2022
;17/06/2021
FR0000121261;01/04/2020
FR0000121261;01/04/2020
FR0000121261;01/04/2020
;28/04/2022
US5949181045;23/09/2019
US5949181045;23/09/2019
US5949181045;23/09/2019
SE0000565210;27/05/2021
SE0000565210;27/05/2021
;07/04/2022
;22/07/2021
;22/07/2021
;13/01/2022
;13/01/2022
;13/01/2022
;21/04/2022
;20/08/2020
;13/08/2020
;01/10/2020
;01/10/2020
GB0005622542;28/03/2019
SE0012454841;21/07/2022
SE0012454841;21/07/2022
US60081H1086;28/07/2022
US60081H1086;28/07/2022
US60081H1086;28/07/2022
US60081H1086;28/07/2022
US60081H1086;28/07/2022
;24/02/2022
;24/02/2022
;24/02/2022
;24/02/2022
;24/02/2022
SE0009216278;10/11/2022
;09/06/2022
;09/06/2022
;17/11/2021
;17/11/2021
;10/03/2022
;19/05/2022
INE828O01033;19/08/2021
JP3902400005;16/01/2020
JP3902400005;16/01/2020
JP3899600005;28/07/2022
JP3899600005;28/07/2022
JP3899600005;28/07/2022
JP3899600005;28/07/2022
;29/09/2022
JP3893200000;15/09/2022
JP3893200000;15/09/2022
JP3893200000;04/03/2021
JP3893200000;04/03/2021
;08/12/2022
;21/04/2022
;19/11/2020
;02/06/2022
;28/07/2022
;12/05/2022
;12/05/2022
;12/05/2022
;24/02/2022
;24/02/2022
;24/02/2022
;04/10/2021
;04/10/2021
;04/10/2021
US60871R2094;14/08/2019
US60871R2094;14/08/2019
IT0004965148;01/04/2021
IT0004965148;01/04/2021
IT0004965148;01/04/2021
US50075N1046;30/01/2020
GB00B1CRLC47;20/02/2020
GB00B1CRLC47;20/02/2020
GB00B1CRLC47;20/02/2020
GB00B1CRLC47;20/02/2020
;16/06/2022
;04/01/2022
;04/01/2022
;21/04/2022
;21/04/2022
BE0003853703;16/12/2021
US6153691059;12/05/2022
US6153691059;12/05/2022
US6153691059;12/05/2022
US6153691059;12/05/2022
US6153691059;12/05/2022
GB00BMT9K014;26/08/2021
GB0008085614;01/09/2018
GB0008085614;01/09/2018
GB0008085614;01/09/2018
GB0006043169;24/02/2022
GB0006043169;24/02/2022
;08/10/2020
NO0003054108;21/11/2019
NO0003054108;21/11/2019
NO0003054108;21/11/2019
NO0003054108;21/11/2019
;25/11/2021
;25/11/2021
US55354G1004;08/12/2022
US55354G1004;08/12/2022
US55354G1004;08/12/2022
US55354G1004;08/12/2022
;30/09/2021
;30/09/2021
;30/09/2021
;06/10/2022
;25/08/2022
;04/08/2022
;29/04/2021
;26/09/2019
;26/09/2019
;29/11/2019
;29/11/2019
;28/04/2022
;31/08/2017
;01/12/2022
JP3914400001;20/01/2022
JP3914400001;20/01/2022
;17/11/2022
;24/11/2022
DE000A0H52F5;24/11/2022
DE000A0H52F5;24/11/2022
DE000A0H52F5;24/11/2022
DE000A0H52F5;24/11/2022
DE000A0H52F5;24/11/2022
DE000A0H52F5;24/11/2022
DE000A0H52F5;24/11/2022
DE000A0H52F5;24/11/2022
;06/10/2022
;06/10/2022
;06/10/2022
;06/10/2022
;06/10/2022
;06/10/2022
;06/10/2022
;06/10/2022
;06/10/2022
;06/10/2022
;01/07/2019
;01/07/2019
JP3651210001;09/09/2021
JP3651210001;09/09/2021
JP3651210001;09/09/2021
;19/05/2022
;22/09/2022
;24/03/2022
;14/07/2022
;12/05/2022
;30/07/2020
;30/07/2020
TW0002408002;06/10/2022
TW0002408002;06/10/2022
US6311031081;06/10/2022
US6311031081;06/10/2022
US6311031081;06/10/2022
US6311031081;06/10/2022
US6311031081;06/10/2022
US6311031081;06/10/2022
US6311031081;06/10/2022
;22/09/2022
;31/03/2022
;31/03/2022
;27/01/2022
;27/01/2022
GB00B08SNH34;16/04/2021
GB00B08SNH34;16/04/2021
GB00B08SNH34;16/04/2021
;14/04/2022
;14/07/2022
;14/07/2022
;14/07/2022
;14/07/2022
;12/11/2020
;15/07/2021
GB00B7T77214;12/01/2022
GB00B7T77214;16/12/2022
GB00B7T77214;16/12/2022
GB00B7T77214;16/12/2022
GB00B7T77214;16/12/2022
GB00B7T77214;16/12/2022
GB00B7T77214;16/12/2022
GB00B7T77214;16/12/2022
GB00B7T77214;16/12/2022
GB00B7T77214;16/12/2022
GB00B7T77214;16/12/2022
GB00B7T77214;16/12/2022
GB00B7T77214;16/12/2022
GB00B7T77214;16/12/2022
GB00B7T77214;16/12/2022
GB00B7T77214;16/12/2022
GB00B7T77214;16/12/2022
GB00B7T77214;16/12/2022
GB00B7T77214;12/01/2022
GB00B7T77214;12/01/2022
GB00B7T77214;12/01/2022
;08/07/2021
;13/01/2022
JP3733000008;13/05/2021
JP3733000008;13/05/2021
;10/02/2022
MX01NE000001;01/03/2021
MX01NE000001;01/03/2021
;01/09/2022
CH0038863350;03/12/2020
CH0038863350;03/12/2020
CH0038863350;03/12/2020
US64110L1061;26/08/2021
US64110L1061;26/08/2021
;29/10/2020
;29/10/2020
;29/10/2020
;24/02/2022
;19/05/2022
HK0017000149;16/06/2022
HK0017000149;16/06/2022
HK0017000149;16/06/2022
;16/12/2021
;16/12/2021
;16/12/2021
NZNZPD1114L0;28/01/2019
US6516391066;27/10/2022
US6516391066;27/10/2022
US6516391066;27/10/2022
US65249B2088;23/07/2020
US65249B2088;23/07/2020
FR0000044448;26/05/2022
FR0000044448;26/05/2022
IT0005366767;04/10/2021
IT0005366767;04/10/2021
FR0010112524;29/04/2021
FR0010112524;29/04/2021
GB0032089863;19/08/2021
GB0032089863;19/08/2021
GB0032089863;19/08/2021
GB0032089863;19/08/2021
;10/11/2022
;10/11/2022
JP3738600000;07/07/2022
JP3738600000;07/07/2022
;04/10/2021
ES0161560018;10/09/2019
ES0161560018;10/09/2019
;03/11/2022
;24/03/2022
US6541061031;19/09/2019
US6541061031;19/09/2019
;22/09/2022
JP3657400002;20/05/2021
JP3657400002;20/05/2021
DK0060907293;24/02/2022
DK0060907293;24/02/2022
;17/02/2022
;19/05/2022
JP3686800008;21/07/2022
JP3686800008;21/07/2022
JP3686800008;21/07/2022
;14/04/2022
;25/02/2021
JP3753000003;12/06/2018
JP3753000003;12/06/2018
;06/10/2022
JP3659200004;16/06/2022
JP3659200004;16/06/2022
JP3672400003;26/08/2021
JP3672400003;26/08/2021
JP3677600003;10/06/2021
JP3677600003;10/06/2021
HK0000376142;11/06/2020
HK0000376142;11/06/2020
HK0000376142;11/06/2020
HK0000376142;11/06/2020
HK0000376142;11/06/2020
HK0000376142;11/06/2020
HK0000376142;11/06/2020
HK0000376142;11/06/2020
;12/05/2022
;29/09/2022
SE0000949331;07/01/2021
SE0000949331;07/01/2021
SE0000949331;07/01/2021
;03/11/2022
;28/04/2022
FI0009000681;04/03/2021
FI0009005318;14/05/2020
FI0009005318;14/05/2020
FI0009005318;14/05/2020
VGG6564A1057;09/09/2021
VGG6564A1057;09/09/2021
VGG6564A1057;09/09/2021
JP3762900003;03/12/2020
JP3762900003;03/12/2020
JP3762800005;25/02/2021
JP3762800005;25/02/2021
JP3762800005;25/02/2021
;20/10/2022
US6558441084;29/07/2021
;10/01/2022
;10/01/2022
;10/01/2022
;27/10/2022
;27/10/2022
;16/09/2021
XS0082800375;27/01/2022
PTZON0AM0006;16/12/2021
PTZON0AM0006;16/12/2021
CH0012005267;01/05/2022
;21/07/2022
;21/07/2022
DK0060534915;01/05/2018
DK0060534915;01/05/2018
DK0060336014;10/11/2022
DK0060336014;10/11/2022
DK0060336014;10/11/2022
DK0060336014;10/11/2022
DK0060336014;10/11/2022
DK0060336014;10/11/2022
DK0060336014;25/09/2019
DK0060336014;25/09/2019
DK0060336014;25/09/2019
;01/12/2022
US6293775085;11/03/2021
US6293775085;11/03/2021
;22/09/2022
JP3165700000;11/06/2020
JP3165700000;11/06/2020
JP316565ADB7;25/02/2021
JP316565ADB7;25/02/2021
JP3165650007;02/12/2021
JP3165650007;02/12/2021
JP3165650007;05/11/2020
JP3165650007;05/11/2020
;01/12/2022
;01/12/2022
;01/12/2022
NL0010395208;25/03/2021
NL0010395208;25/03/2021
BE0974258874;08/12/2022
BE0974258874;08/12/2022
;08/12/2022
;08/12/2022
;08/12/2022
;08/12/2022
;25/02/2021
JP3190000004;01/12/2022
JP3190000004;01/12/2022
;07/07/2022
;04/08/2022
COF11PA00014;04/10/2021
COF11PA00014;04/10/2021
;29/07/2021
;17/11/2022
;25/02/2021
;19/05/2022
US6907684038;05/03/2020
US6907684038;05/03/2020
FI02131514;17/03/2022
;30/06/2022
;13/10/2022
JP3192400004;13/10/2022
JP3192400004;13/10/2022
;17/11/2022
US6792951054;01/09/2022
US6792951054;01/09/2022
US6792951054;01/09/2022
;13/10/2022
SG1Q75923504;04/09/2019
SG1Q75923504;04/09/2019
SG1Q75923504;04/09/2019
SG1Q75923504;04/09/2019
;25/11/2021
;25/11/2021
;25/11/2021
;25/11/2021
;25/11/2021
;16/12/2021
;20/08/2020
;12/05/2022
JP3197800000;02/06/2022
JP3197800000;02/06/2022
;08/04/2021
;08/04/2021
;02/06/2022
JP3197600004;22/10/2020
JP3197600004;22/10/2020
JP3197600004;22/10/2020
JP3197600004;22/10/2020
BE0974276082;23/06/2022
BE0974276082;23/06/2022
BE0974276082;23/06/2022
;29/09/2022
;08/12/2022
;01/06/2021
;12/05/2022
;12/05/2022
;12/05/2022
;04/02/2021
;24/11/2022
;05/05/2022
FR0000133308;06/05/2021
FR0000133308;06/05/2021
SE0001174889;08/07/2021
SE0001174889;08/07/2021
;28/07/2022
;28/07/2022
;28/07/2022
AU000000ORG5;15/03/2018
AU000000ORG5;15/03/2018
NO0003733800;18/08/2022
NO0003733800;18/08/2022
NO0003733800;18/08/2022
NO0003733800;18/08/2022
NO0003733800;18/08/2022
NO0003733800;18/08/2022
NO0003733800;18/08/2022
;22/09/2022
DK0060094928;01/10/2021
DK0060094928;01/10/2021
DK0060094928;01/10/2021
DK0060094928;01/10/2021
DK0060094928;01/10/2021
DK0060094928;01/10/2021
;27/10/2022
;15/09/2022
;07/07/2022
;08/12/2022
;10/11/2022
;10/11/2022
;10/11/2022
;17/03/2022
AT0000APOST4;28/06/2017
;13/05/2021
;26/09/2019
;26/09/2019
FI0009002422;16/12/2021
IT0005043507;07/04/2022
IT0005043507;07/04/2022
IT0005043507;07/04/2022
IT0005043507;07/04/2022
IT0005043507;07/04/2022
US6907421019;15/10/2019
US6907421019;15/10/2019
;22/09/2022
;22/09/2022
;25/08/2022
;06/10/2022
US6937181088;06/05/2021
US6937181088;06/05/2021
;28/01/2021
;27/10/2022
;28/10/2021
;28/10/2021
;28/10/2021
;27/10/2022
JP3866800000;26/10/2017
JP3866800000;26/10/2017
JP3866800000;26/10/2017
DK0060252690;16/09/2021
;09/06/2022
;06/01/2022
;12/05/2022
;12/05/2022
;07/04/2022
;21/10/2021
;21/10/2021
;25/08/2022
;06/01/2022
;27/01/2022
;01/12/2022
;01/12/2022
;01/12/2022
IT0005378143;25/06/2020
;09/07/2020
;09/07/2020
US70450Y1038;08/04/2021
US70450Y1038;08/04/2021
US70450Y1038;08/04/2021
;16/07/2020
GB0006776081;16/04/2020
GB0006776081;16/04/2020
GB0006776081;16/04/2020
;04/10/2021
;16/12/2021
US7134481081;14/01/2021
US7134481081;14/01/2021
FR0000120693;20/08/2019
FR0000120693;20/08/2019
FR0000120693;20/08/2019
GB0006825383;19/08/2021
GB0006825383;19/08/2021
SE0007756895;10/02/2022
SE0007756895;10/02/2022
;10/11/2022
;19/05/2022
GB00BJ62K685;30/06/2022
GB00BJ62K685;30/06/2022
US7170811035;22/04/2021
US7170811035;22/04/2021
US7170811035;22/04/2021
US7170811035;22/04/2021
US7170811035;22/04/2021
;22/09/2022
;01/12/2022
;01/12/2022
;01/12/2022
US7181721090;21/07/2022
US7181721090;21/07/2022
US7181721090;21/07/2022
US7181721090;21/07/2022
US7181721090;21/07/2022
;17/11/2022
US71943U1043;24/03/2022
;08/12/2022
;11/01/2022
;10/11/2022
;10/11/2022
;10/11/2022
;10/11/2022
;27/10/2022
;27/10/2022
US72147K1088;15/04/2021
US72147K1088;15/04/2021
;03/09/2020
;23/06/2022
;23/06/2022
;23/06/2022
;22/09/2022
;22/09/2022
;22/09/2022
IT0004623051;12/05/2022
IT0004623051;12/05/2022
;03/02/2022
;17/03/2022
;05/05/2022
FR0000124570;03/02/2022
FR0000124570;03/02/2022
FR0000124570;03/02/2022
FR0000124570;03/02/2022
;28/01/2021
;28/01/2021
;28/01/2021
SE0004977692;14/04/2022
;27/10/2022
;25/06/2020
;30/06/2022
JP3855900001;23/06/2022
JP3855900001;23/06/2022
INE441D01020;17/12/2020
;04/03/2021
;17/02/2022
;03/06/2021
;27/10/2022
;27/10/2022
;27/10/2022
;27/10/2022
NZPOAE0001S4;15/04/2021
NZPOAE0001S4;15/04/2021
NZPOAE0001S4;15/04/2021
NO0010745532;02/12/2021
NO0010745532;02/12/2021
NO0010745532;02/12/2021
;09/06/2022
;09/06/2022
;09/06/2022
NL0009739416;10/05/2019
NL0009739416;10/05/2019
;21/04/2022
;21/04/2022
IT0003874101;17/11/2021
IT0003874101;17/11/2021
;10/11/2022
;18/08/2022
;15/09/2022
;07/07/2022
;03/11/2022
;03/11/2022
;03/11/2022
;01/07/2021
;01/07/2021
;01/07/2021
;01/07/2021
;01/12/2022
;22/09/2022
US7427181091;06/10/2022
US7427181091;06/10/2022
US7427181091;06/10/2022
;20/10/2022
;25/03/2021
DE0006968001;01/12/2022
DE0006968001;01/12/2022
US74340W1036;09/11/2018
US74340W1036;09/11/2018
US74340W1036;09/11/2018
US74340W1036;09/11/2018
;05/05/2022
BE0003810273;22/09/2022
BE0003810273;22/09/2022
BE0003810273;22/09/2022
BE0003810273;22/09/2022
BE0003810273;22/09/2022
BE0003810273;22/09/2022
BE0003810273;13/07/2016
BE0003810273;13/07/2016
BE0003810273;13/07/2016
;20/10/2022
;20/10/2022
;20/10/2022
IT0004176001;21/10/2021
IT0004176001;21/10/2021
FR0000121501;14/11/2019
FR0000121501;14/11/2019
FR0000130577;21/07/2022
FR0000130577;21/07/2022
FR0000130577;21/07/2022
FR0000130577;21/07/2022
FR0000130577;21/07/2022
;10/02/2022
;22/07/2021
;22/07/2021
;15/11/2018
;15/11/2018
;27/01/2022
DE0006969603;25/06/2019
DE0006969603;25/06/2019
US6936561009;02/07/2020
US6936561009;02/07/2020
US6936561009;02/07/2020
;31/03/2022
GB00B0WMWD03;23/06/2022
GB00B0WMWD03;23/06/2022
GB00B0WMWD03;23/06/2022
GB00B0WMWD03;23/06/2022
GB00B0WMWD03;23/06/2022
GB00B0WMWD03;23/06/2022
GB00B0WMWD03;23/06/2022
;10/11/2022
;01/09/2022
;01/09/2022
;01/09/2022
;19/05/2022
;19/05/2022
;13/01/2022
;01/07/2022
;01/07/2022
;24/09/2020
;24/09/2020
SE0001857533;06/10/2022
SE0001857533;06/10/2022
AT0000606306;09/01/2022
AT0000606306;29/09/2022
AT0000606306;29/09/2022
AT0000606306;29/09/2022
AT0000606306;29/09/2022
AT0000606306;29/09/2022
AT0000606306;29/09/2022
AT0000606306;29/09/2022
;01/10/2022
;01/10/2022
;01/10/2022
;01/10/2022
;01/10/2022
;01/12/2022
;01/12/2022
US7512121010;02/07/2020
US7512121010;02/07/2020
;22/10/2020
;21/10/2021
;21/10/2021
;21/10/2021
;21/10/2021
;21/10/2021
GB0002148343;03/11/2022
GB0002148343;03/11/2022
GB0002148343;03/11/2022
GB0002148343;22/11/2022
GB0002148343;22/11/2022
GB0002148343;22/11/2022
;08/12/2022
;08/12/2022
;08/12/2022
;18/08/2022
;07/01/2021
;13/10/2022
GB00B24CGK77;21/01/2021
GB00B24CGK77;21/01/2021
GB00B24CGK77;21/01/2021
;17/03/2022
ES0173093115;21/07/2022
ES0173093115;21/07/2022
ES0173093115;21/07/2022
;11/08/2022
;11/08/2022
;11/08/2022
;20/10/2022
;28/01/2021
;28/01/2021
;28/01/2021
;07/04/2022
;06/01/2022
;21/07/2022
US7588491032;28/04/2022
;21/10/2021
;21/10/2021
INE110L08045;01/03/2022
INE110L08045;01/03/2022
INE110L08045;01/03/2022
INE110L08045;01/03/2022
;11/08/2022
;01/09/2022
;01/09/2022
;01/09/2022
;01/09/2022
;01/09/2022
;03/09/2020
FR0000130395;01/12/2022
FR0000130395;01/12/2022
FR0000130395;01/12/2022
FR0000130395;01/12/2022
FR0000130395;01/12/2022
FR0000130395;01/12/2022
FR0000130395;01/12/2022
FR0000130395;01/12/2022
FR0000130395;01/12/2022
FR0000130395;01/12/2022
JP3164720009;18/08/2022
JP3164720009;18/08/2022
US7607591002;23/09/2019
US76117W1099;04/08/2022
US76117W1099;04/08/2022
CA76131D1033;09/09/2021
CA76131D1033;09/09/2021
CA76131D1033;09/09/2021
;11/02/2021
FR0010451203;18/08/2022
FR0010451203;18/08/2022
FR0010451203;18/08/2022
FR0010451203;18/08/2022
FR0010451203;18/08/2022
FR0010451203;17/10/2019
FR0010451203;17/10/2019
;15/09/2022
;28/01/2021
GB0007370074;25/11/2021
GB0007370074;25/11/2021
GB0007370074;25/11/2021
JP3973400009;06/01/2022
JP3973400009;06/01/2022
;16/12/2021
;17/02/2022
;02/09/2021
;12/05/2022
;17/06/2021
;27/10/2022
;19/05/2022
;30/04/2020
;30/04/2020
;30/04/2020
DK0010219153;10/12/2020
DK0010219153;10/12/2020
JP3982800009;10/02/2022
JP3982800009;10/02/2022
;02/09/2021
;02/09/2021
;02/09/2021
;26/05/2022
;26/05/2022
GB00BVFNZH21;24/11/2022
GB00BVFNZH21;24/11/2022
GB00BVFNZH21;24/11/2022
NL0000337319;15/07/2021
NL0000337319;15/07/2021
NL0000337319;15/07/2021
NL0000009827;17/11/2022
NL0000009827;17/11/2022
;30/06/2022
;30/06/2022
;22/09/2022
;22/09/2022
;22/09/2022
NL0000009538;24/11/2022
NL0000009538;24/11/2022
NL0000009538;24/11/2022
NL0000009538;06/12/2018
NL0000009538;06/12/2018
NL0000009538;06/12/2018
NL0000009538;06/12/2018
GB0007594764;24/02/2022
GB0007594764;24/02/2022
GB0007594764;24/02/2022
;24/11/2022
;24/11/2022
;24/11/2022
;24/11/2022
;10/06/2021
;08/12/2022
;08/12/2022
;08/12/2022
;16/06/2022
SE0015659834;17/02/2022
DE0007037129;10/12/2020
DE0007037129;10/12/2020
;08/12/2022
;08/12/2022
;08/12/2022
US78409V1044;04/02/2021
US78409V1044;04/02/2021
US78409V1044;04/02/2021
US78409V1044;04/02/2021
US78409V1044;04/02/2021
;16/09/2021
;14/07/2022
;16/09/2021
ES0182870214;01/09/2021
ES0182870214;01/09/2021
KE1000001402;30/08/2019
KE1000001402;30/08/2019
KE1000001402;30/08/2019
KE1000001402;30/08/2019
KE1000001402;30/08/2019
;15/09/2022
FR0000125007;01/09/2022
FR0000125007;01/09/2022
FR0000125007;01/09/2022
FR0000125007;01/09/2022
FR0000125007;01/09/2022
;28/01/2021
;09/12/2021
FI0009013924;23/09/2021
FI0009013924;23/09/2021
US79466L3024;14/11/2019
US79466L3024;14/11/2019
US79466L3024;14/11/2019
NO0010310956;04/08/2022
NO0010310956;04/08/2022
;15/09/2022
;15/09/2022
;17/02/2022
IT0004712375;10/09/2020
IT0004712375;10/09/2020
;10/02/2022
;14/07/2022
;28/07/2022
;30/09/2021
;28/04/2022
;22/09/2022
;22/09/2022
FR0000120578;08/07/2020
FR0000120578;08/07/2020
;04/08/2022
;09/12/2021
JP3336000009;21/07/2021
JP3336000009;21/07/2021
;22/09/2022
;24/11/2022
;28/04/2022
DE0007164600;01/10/2019
DE0007164600;01/10/2019
ZAE000006284;28/07/2022
ZAE000006284;28/07/2022
NA;15/04/2021
NA;15/04/2021
;31/03/2022
;01/09/2022
;13/10/2022
SE0003175660;05/05/2022
SE0000308280;30/04/2020
SE0000308280;30/04/2020
GB0007281198;04/06/2020
GB0007281198;04/06/2020
GB0007281198;04/06/2020
CH0024638196;16/06/2022
CH0024638196;16/06/2022
CH0024638196;16/06/2022
CH0024638196;16/06/2022
FR0000121972;25/08/2022
FR0000121972;25/08/2022
FR0000121972;25/08/2022
FR0000121972;25/08/2022
FR0000121972;25/08/2022
FR0000121972;25/08/2022
FR0000121972;25/08/2022
;11/04/2019
;11/04/2019
GB0002405495;02/01/2022
GB0002405495;02/01/2022
GB0002405495;02/01/2022
GB0002405495;02/01/2022
GB0002405495;17/02/2022
GB0002405495;17/02/2022
;27/02/2020
;27/02/2020
;28/10/2021
;28/10/2021
;28/10/2021
;14/04/2022
;17/06/2021
;01/09/2022
;01/09/2022
;01/09/2022
;06/08/2020
;06/08/2020
;06/08/2020
;08/12/2022
;08/12/2022
;08/12/2022
;08/12/2022
;08/12/2022
JP3494600004;02/04/2020
JP3494600004;02/04/2020
BE0944264663;01/12/2022
BE0944264663;01/12/2022
BE0944264663;01/12/2022
JP3400400002;24/06/2021
JP3400400002;24/06/2021
JP3400400002;24/06/2021
;01/12/2022
;21/07/2022
IE00B58JVZ52;28/08/2019
IE00B58JVZ52;28/08/2019
IE00B58JVZ52;28/08/2019
IE00B58JVZ52;28/08/2019
US81211K1007;03/06/2021
US81211K1007;03/06/2021
;04/08/2022
;04/08/2022
;04/08/2022
;14/07/2022
;18/08/2022
JP3421800008;15/07/2021
JP3421800008;15/07/2021
JP3421800008;15/07/2021
JP3421800008;15/07/2021
;16/09/2021
;21/07/2022
;23/06/2022
GB00B5ZN1N88;20/01/2022
;04/08/2022
;21/04/2022
JP3414750004;25/11/2021
JP3414750004;25/11/2021
;24/11/2022
;24/11/2022
;24/11/2022
JP3419400001;01/06/2018
JP3419400001;01/06/2018
JP3420600003;26/09/2019
JP3420600003;26/09/2019
GB0002919784;20/08/2020
GB0002919784;20/08/2020
GB0002919784;20/08/2020
GB0007958233;23/07/2020
GB0007958233;23/07/2020
US81762P1021;16/12/2021
US81762P1021;16/12/2021
US81762P1021;16/12/2021
;20/05/2020
;20/05/2020
;20/05/2020
;20/05/2020
US81806K1016;08/11/2018
US81806K1016;08/11/2018
US81806K1016;08/11/2018
GB00B1FH8J72;26/08/2021
GB00B1FH8J72;26/08/2021
GB00B1FH8J72;26/08/2021
CH0002497458;08/12/2022
CH0002497458;08/12/2022
CH0002497458;08/12/2022
CH0002497458;08/12/2022
;09/06/2022
GB0007990962;18/02/2021
;22/09/2022
;14/07/2022
CNE0000019B0;01/09/2022
CNE0000019B0;01/09/2022
JP3359600008;21/01/2020
JP3359600008;21/01/2020
;27/01/2022
;26/05/2022
JP3357200009;01/12/2022
JP3357200009;01/12/2022
JP3358800005;22/08/2019
JP3358800005;22/08/2019
JP3358800005;22/08/2019
JP3358800005;22/08/2019
KR7055550008;11/01/2022
KR7055550008;24/11/2022
KR7055550008;24/11/2022
KR7055550008;24/11/2022
KR7055550008;24/11/2022
KR7055550008;24/11/2022
KR7055550008;24/11/2022
KR7055550008;24/11/2022
KR7055550008;24/11/2022
KR7055550008;24/11/2022
KR7055550008;24/11/2022
KR7055550008;24/11/2022
KR7055550008;24/11/2022
KR7055550008;24/11/2022
KR7055550008;24/11/2022
KR7055550008;24/11/2022
;03/11/2022
;24/03/2022
;22/09/2022
;08/12/2022
;14/07/2022
;17/11/2021
JP3347200002;03/06/2021
JP3347200002;03/06/2021
JP3351600006;16/12/2021
JP3351600006;16/12/2021
;10/02/2022
;10/02/2022
NA;11/11/2021
NA;11/11/2021
ZAE000012084;10/11/2022
ZAE000012084;10/11/2022
INE070A01015;10/10/2019
INE070A01015;10/10/2019
ZAE000173951;13/06/2019
NA;15/07/2021
NA;15/07/2021
DE0007236101;18/02/2021
DE0007236101;18/02/2021
DE000ENER6Y0;22/04/2021
DE000ENER6Y0;22/04/2021
DE000ENER6Y0;22/04/2021
ES0143416115;20/08/2020
ES0143416115;20/08/2020
ES0143416115;20/08/2020
DE000SHL1006;28/10/2021
DE000SHL1006;28/10/2021
CH0435377954;09/12/2019
CH0435377954;09/12/2019
;18/08/2022
;18/08/2022
;18/08/2022
NL0011821392;07/12/2018
NL0011821392;07/12/2018
;28/01/2021
;29/09/2022
;29/09/2022
;29/09/2022
;28/04/2022
;27/01/2022
US8288061091;08/10/2020
US8288061091;08/10/2020
SG1J26887955;15/09/2022
SG1J26887955;15/09/2022
SG1T75931496;01/10/2017
SG1T75931496;01/10/2017
;31/03/2022
TW0009940007;26/08/2021
TW0009940007;26/08/2021
TW0009940007;26/08/2021
;10/06/2021
;10/06/2021
;03/02/2022
KR7001510007;11/01/2022
KR7001510007;24/11/2022
KR7001510007;24/11/2022
KR7001510007;24/11/2022
KR7001510007;24/11/2022
KR7001510007;24/11/2022
KR7001510007;24/11/2022
KR7001510007;24/11/2022
KR7001510007;24/11/2022
KR7001510007;24/11/2022
KR7001510007;24/11/2022
KR7017670001;04/08/2022
KR7017670001;04/08/2022
SE0000113250;11/11/2021
SE0000113250;11/11/2021
SE0000113250;11/11/2021
SE0000113250;11/11/2021
;29/10/2018
;29/10/2018
GB0001411924;13/05/2021
;01/06/2021
NZSKCE0001S2;13/02/2019
NZSKCE0001S2;13/02/2019
NZSKCE0001S2;13/02/2019
;26/05/2022
;26/05/2022
;26/05/2022
IE00B1RR8406;13/01/2022
US83304A1060;13/05/2021
US83304A1060;13/05/2021
;04/10/2021
FR0000033409;26/08/2021
;09/06/2022
;09/06/2022
;09/06/2022
;09/06/2022
;09/06/2022
;28/04/2022
;28/04/2022
;28/04/2022
;28/04/2022
;28/04/2022
FR0000121220;23/09/2019
FR0000121220;23/09/2019
FR0000121220;23/09/2019
FR0000121220;23/09/2019
;09/07/2020
;09/07/2020
JP3732000009;24/06/2021
JP3732000009;24/06/2021
GB00BYZDVK82;25/08/2022
GB00BYZDVK82;25/08/2022
GB00BYZDVK82;25/08/2022
GB00BYZDVK82;25/08/2022
GB00BYZDVK82;25/08/2022
;27/10/2022
FR0013227113;11/11/2021
FR0013227113;11/11/2021
;14/05/2020
;14/05/2020
;14/05/2020
;24/11/2022
;29/09/2022
;01/09/2022
;08/12/2022
;24/02/2022
FR0013199916;21/10/2021
FR0013199916;21/10/2021
;20/10/2022
US8354951027;08/07/2021
US8354951027;08/07/2021
JP3435000009;15/09/2022
JP3435000009;15/09/2022
JP3435000009;15/09/2022
JP3435000009;15/09/2022
JP3435000009;15/09/2022
FR0000050809;01/10/2019
FR0000050809;01/10/2019
FR0000050809;01/10/2019
FR0000050809;01/10/2019
;16/07/2020
;18/02/2021
;23/06/2022
;23/06/2022
BE0003798155;29/11/2019
BE0003798155;29/11/2019
BE0003798155;29/11/2019
NZTELE0001S4;09/09/2021
NZTELE0001S4;09/09/2021
SE0011413889;15/07/2021
;28/07/2022
;28/07/2022
;28/07/2022
GB0003308607;04/10/2021
GB0003308607;04/10/2021
GB0003308607;04/10/2021
;17/11/2022
FR0012757854;16/12/2021
FR0012757854;16/12/2021
FR0012757854;16/12/2021
FR0012757854;16/12/2021
FR0012757854;16/12/2021
FI0009006829;24/03/2022
SE0000120669;08/10/2020
GB0007908733;16/12/2021
GB0007908733;16/12/2021
GB0007908733;16/12/2021
GB0007908733;16/12/2021
;21/10/2021
;21/10/2021
;26/05/2022
US8545021011;01/05/2018
US8545021011;01/05/2018
CA85472N1096;28/10/2021
CA85472N1096;28/10/2021
;01/11/2021
;14/07/2022
;14/07/2022
US8552441094;31/03/2021
;17/02/2022
;17/02/2022
;17/02/2022
;27/01/2022
US8581552036;01/08/2020
US8581552036;01/08/2020
US8581552036;01/08/2020
US8581552036;01/08/2020
US8581552036;01/08/2020
;22/09/2022
;22/09/2022
;02/06/2022
GB00B0KM9T71;08/12/2022
GB00B0KM9T71;08/12/2022
GB00B0KM9T71;08/12/2022
GB00B0KM9T71;08/12/2022
GB00B0KM9T71;08/12/2022
NL0000226223;10/12/2020
NL0000226223;10/12/2020
NL0000226223;10/12/2020
;14/04/2022
US9136741074;08/08/2019
US9136741074;08/08/2019
FI0009005961;21/10/2021
FI0009005961;21/10/2021
;18/08/2022
;18/08/2022
;18/08/2022
;18/08/2022
;25/08/2022
;16/12/2021
;16/12/2021
;16/12/2021
;16/12/2021
;16/12/2021
;18/08/2022
;20/01/2022
FR0010613471;30/09/2021
FR0010613471;30/09/2021
FR0010613471;30/09/2021
;06/01/2022
JP3401400001;16/12/2021
JP3401400001;16/12/2021
JP3407400005;27/05/2021
JP3407400005;27/05/2021
JP3407400005;27/05/2021
JP3409800004;16/08/2018
JP3409800004;16/08/2018
;21/01/2021
;20/01/2022
;22/07/2021
JP3336560002;30/09/2021
JP3336560002;30/09/2021
JP333657BA71;30/09/2021
JP333657BA71;30/09/2021
;09/01/2020
;09/01/2020
;09/01/2020
;10/02/2022
;14/04/2022
;15/09/2022
INE277A01016;03/09/2020
INE277A01016;03/09/2020
;21/10/2021
;21/10/2021
;12/05/2022
;12/05/2022
SE0000310336;14/03/2019
SE0000310336;14/03/2019
;30/07/2020
;30/07/2020
HK0000063609;04/10/2021
HK0000063609;04/10/2021
HK0000063609;04/10/2021
HK0000063609;04/10/2021
;05/05/2022
;04/01/2022
;04/01/2022
;21/04/2022
;07/07/2022
;16/09/2021
DE000SYM9999;23/03/2022
DE000SYM9999;24/03/2022
DE000SYM9999;24/03/2022
CH0011037469;22/10/2019
NZSMLE0001S9;29/04/2021
NZSMLE0001S9;29/04/2021
NZSMLE0001S9;29/04/2021
US8718291078;25/08/2022
US8718291078;25/08/2022
;07/04/2022
;24/03/2022
;13/08/2020
;17/10/2019
;17/10/2019
JP3443600006;01/02/2019
JP3443600006;01/02/2019
TW0002887007;07/01/2022
TW0002887007;21/07/2022
TW0002887007;21/07/2022
TW0002887007;21/07/2022
TW0002887007;21/07/2022
TW0002887007;21/07/2022
TW0002887007;21/07/2022
TW0002887007;21/07/2022
TW0001101004;16/07/2020
TW0001101004;16/07/2020
TW0001101004;16/07/2020
TW0003045001;24/06/2021
TW0003045001;24/06/2021
;28/07/2022
;07/07/2022
;17/03/2022
JP3454400007;17/06/2021
JP3454400007;17/06/2021
JP3455200000;25/03/2021
JP3455200000;25/03/2021
JP3463000004;16/04/2020
JP3463000004;16/04/2020
JP3463000004;16/04/2020
;31/03/2022
LK0311N00007;22/07/2021
;11/08/2022
;03/06/2021
US87612E1064;27/03/2019
US87612E1064;27/03/2019
US87612E1064;27/03/2019
US87612E1064;27/03/2019
INE092A01019;10/12/2020
GB0008754136;17/09/2020
GB0008754136;17/09/2020
GB0008782301;25/03/2021
GB0008782301;25/03/2021
;17/06/2021
;17/11/2022
;17/11/2022
;17/11/2022
;20/01/2022
;24/09/2020
;24/09/2020
TW0008436007;22/04/2021
TW0008436007;22/04/2021
;03/06/2021
DK0060228559;04/08/2022
DK0060228559;04/08/2022
DK0060228559;04/08/2022
;08/12/2022
INE669C01036;08/02/2019
INE669C01036;08/02/2019
;13/10/2022
GB0001048619;17/11/2022
GB0001048619;17/11/2022
;11/03/2021
JP3544000007;16/12/2021
JP3544000007;16/12/2021
SE0005190238;25/08/2022
SE0005190238;25/08/2022
SE0005190238;25/08/2022
SE0005190238;25/08/2022
SE0005190238;25/08/2022
SE0005190238;25/08/2022
ES0178430E18;04/08/2022
ES0178430E18;04/08/2022
ES0178430E18;04/08/2022
ES0178430E18;04/08/2022
ES0178430E18;04/08/2022
NO0010063308;06/05/2021
NO0010063308;06/05/2021
FR0000051807;30/09/2021
FR0000051807;30/09/2021
SE0000667925;17/12/2020
SE0000667925;17/12/2020
SE0000667925;17/12/2020
AU000000TLS2;16/12/2021
CA87971M1032;20/05/2021
CA87971M1032;20/05/2021
CA87971M1032;20/05/2021
ES0124254311;02/09/2021
ES0124254311;02/09/2021
ES0124254311;02/09/2021
US8803451033;17/04/2018
US8803451033;17/04/2018
;16/12/2021
;16/12/2021
;02/06/2022
;24/02/2022
IT0003242622;17/06/2021
;02/01/2022
;24/02/2022
;24/02/2022
JP3546800008;01/04/2020
JP3546800008;01/04/2020
GB0008847096;01/06/2017
GB0008847096;01/06/2017
;01/09/2022
;01/09/2022
;01/09/2022
;30/10/2015
;30/10/2015
;22/09/2022
GB00B02L3W35;21/03/2021
GB00B02L3W35;21/03/2021
GB0001367019;25/03/2021
GB0001367019;25/03/2021
;14/07/2022
;01/04/2022
;01/04/2022
;01/04/2022
US1689051076;07/01/2021
US1689051076;07/01/2021
US1890541097;16/09/2021
US1890541097;16/09/2021
US1912161007;26/09/2019
;20/06/2019
;20/06/2019
NA;16/09/2021
NA;16/09/2021
NA;16/09/2021
NA;16/09/2021
;25/08/2022
;08/12/2022
;08/12/2022
;08/12/2022
US5184391044;05/11/2020
US5184391044;05/11/2020
;28/07/2022
;28/07/2022
;28/05/2019
US4278661081;04/03/2021
US4278661081;04/03/2021
;17/06/2021
US8326964058;16/09/2021
US8326964058;16/09/2021
;10/12/2020
;08/12/2022
US5543821012;08/07/2021
US5543821012;08/07/2021
US5543821012;08/07/2021
;20/05/2020
TRAVESTL91H6;15/09/2022
TRAVESTL91H6;15/09/2022
;03/09/2020
;03/09/2020
;03/09/2020
;03/09/2020
;24/06/2021
;24/06/2021
;08/12/2022
;08/12/2022
;08/12/2022
;08/12/2022
;08/12/2022
;27/08/2020
;27/08/2020
;20/01/2022
;22/09/2022
;22/09/2022
;22/09/2022
;01/09/2019
;01/09/2019
;01/09/2019
;01/09/2019
;28/07/2022
;28/07/2022
;28/07/2022
CA8849031056;05/11/2020
CA8849031056;05/11/2020
CA8849031056;05/11/2020
CA8849031056;05/11/2020
CA8849031056;05/11/2020
SE0006422390;25/03/2021
SE0006422390;25/03/2021
SE0006422390;25/03/2021
DE0007500001;08/08/2019
DE0007500001;08/08/2019
;03/02/2022
;17/11/2022
;17/11/2022
FI0009000277;05/05/2022
FI0009000277;05/05/2022
FI0009000277;05/05/2022
FI0009000277;05/05/2022
;30/06/2022
;30/06/2022
;30/06/2022
;17/09/2020
;28/01/2021
JP3104890003;29/07/2021
JP3104890003;29/07/2021
BE0974338700;10/11/2022
BE0974338700;10/11/2022
BE0974338700;10/11/2022
BE0974338700;10/11/2022
BE0974338700;15/07/2021
BE0974338700;15/07/2021
;12/05/2022
;12/05/2022
;12/05/2022
;15/09/2022
;15/09/2022
;15/09/2022
;15/09/2022
;30/06/2022
US8725901040;01/07/2018
US8725901040;01/07/2018
US8725901040;24/11/2022
US8725901040;24/11/2022
US8725901040;24/11/2022
;24/06/2021
JP3556000002;13/10/2022
JP3556000002;13/10/2022
JP3629800008;01/09/2022
JP3629800008;01/09/2022
;01/01/2022
JP3627000007;21/04/2022
JP3627000007;21/04/2022
;26/11/2018
;26/11/2018
;08/12/2022
;08/12/2022
FI4000197934;20/08/2020
FI4000197934;20/08/2020
JP3582600007;09/09/2021
JP3582600007;09/09/2021
JP3567410000;14/05/2020
JP3567410000;14/05/2020
JP3567410000;14/05/2020
JP3569200003;10/06/2021
JP3569200003;10/06/2021
;01/09/2022
;01/09/2022
;01/09/2022
JP3629000005;25/08/2022
JP3629000005;25/08/2022
BE 0698 952 702;01/12/2022
JP3592200004;03/12/2020
JP3592200004;03/12/2020
JP3592200004;03/12/2020
;22/09/2022
JP3596200000;17/06/2021
JP3596200000;17/06/2021
JP3596200000;17/06/2021
JP3596200000;17/06/2021
;04/08/2022
;22/09/2022
;26/08/2021
;03/11/2022
;03/11/2022
;03/11/2022
;10/03/2022
BMG8984D1074;03/11/2022
BMG8984D1074;03/11/2022
BMG8984D1074;03/11/2022
;01/12/2022
;01/12/2022
;16/06/2022
;16/06/2022
US456873AF50;28/04/2022
US456873AF50;28/04/2022
US456873AF50;28/04/2022
US456873AF50;28/04/2022
US456873AF50;28/04/2022
;23/06/2022
SE0006758587;03/11/2022
SE0006758587;03/11/2022
SE0006758587;03/11/2022
SE0006758587;03/11/2022
AU000000TCL6;13/08/2020
AU000000TCL6;13/08/2020
AU000000TCL6;13/08/2020
;11/08/2022
GB0007739609;20/01/2022
GB0007739609;20/01/2022
;28/07/2022
;06/05/2021
;25/08/2022
;25/08/2022
;25/08/2022
;25/08/2022
;25/08/2022
;21/10/2021
;18/03/2021
;24/06/2021
;24/06/2021
;24/06/2021
;01/09/2022
;29/09/2022
;03/11/2022
;01/12/2022
;26/08/2021
ES0132945017;03/06/2021
ES0132945017;03/06/2021
;15/04/2021
;15/04/2021
US9024941034;26/09/2018
US9024941034;26/09/2018
;27/01/2022
FR0000054470;21/07/2022
FR0000054470;21/07/2022
BE0003739530;15/04/2021
BE0003739530;15/04/2021
;13/10/2022
;20/10/2022
;20/10/2022
;20/10/2022
;06/05/2021
;06/05/2021
;06/05/2021
INE481G01011;11/03/2021
INE481G01011;11/03/2021
BE0974320526;17/11/2022
BE0974320526;17/11/2022
;27/10/2022
US9043111072;08/04/2021
US9043111072;08/04/2021
FR0013326246;10/12/2020
FR0013326246;10/12/2020
FR0013326246;10/12/2020
JP3951600000;07/06/2018
JP3951600000;07/06/2018
GB00B10RZP78;01/06/2017
GB00B10RZP78;01/06/2017
US9078181081;04/03/2021
;24/11/2022
;24/11/2022
GB0006928617;16/12/2021
GB0006928617;16/12/2021
GB0006928617;16/12/2021
;27/10/2022
;12/05/2022
TW0002303005;23/06/2022
TW0002303005;23/06/2022
US9111631035;19/05/2022
US9111631035;19/05/2022
US9111631035;19/05/2022
GB00B39J2M42;15/07/2021
GB00B39J2M42;15/07/2021
GB00B39J2M42;15/07/2021
GB00B39J2M42;15/07/2021
;22/09/2022
US9134561094;12/08/2021
US9134561094;12/08/2021
FI0009005987;05/11/2020
FI0009005987;05/11/2020
FI0009002158;01/04/2021
FI0009002158;01/04/2021
FI0009002158;01/04/2021
;01/09/2022
;28/07/2022
JP3156400008;01/06/2019
JP3156400008;01/06/2019
;30/06/2022
;17/02/2022
;21/07/2022
FR0013176526;27/05/2021
FR0013176526;27/05/2021
FR0013176526;27/05/2021
FR0013176526;27/05/2021
FR0013176526;27/05/2021
;15/04/2021
;15/04/2021
;15/04/2021
;09/12/2021
;09/12/2021
;09/12/2021
;09/12/2021
;09/12/2021
FR0000120354;11/06/2020
FR0000120354;11/06/2020
FR0000120354;11/06/2020
FR0000120354;11/06/2020
FI4000074984;19/08/2021
FI4000074984;19/08/2021
FI4000074984;19/08/2021
FI4000074984;19/08/2021
;03/06/2021
;30/06/2022
;30/06/2022
;30/06/2022
DE0006012008;01/09/2021
DE0006012008;01/09/2021
;24/11/2022
;24/11/2022
;24/11/2022
;08/12/2022
;08/12/2022
;20/10/2022
NO0005806802;11/08/2022
NO0005806802;11/08/2022
NO0005806802;11/08/2022
NO0005806802;11/08/2022
NO0005806802;11/08/2022
US92276F1003;08/04/2021
FR0000124141;16/12/2021
FR0013447729;17/03/2022
;21/07/2022
;09/09/2021
;24/03/2022
;24/03/2022
;24/03/2022
;19/05/2022
;22/04/2021
;22/04/2021
;22/04/2021
;22/04/2021
US92343V1044;29/04/2021
US92343V1044;29/04/2021
;08/04/2021
DK0010268606;06/08/2020
DK0010268606;06/08/2020
;26/08/2021
;22/09/2022
;22/09/2022
US9182041080;05/12/2019
US9182041080;05/12/2019
US92556V1061;08/12/2022
US92556V1061;08/12/2022
ES0183746314;05/05/2022
ES0183746314;05/05/2022
;19/05/2022
;21/04/2022
;21/04/2022
;18/08/2022
CLP9796J1008;10/12/2019
;03/03/2022
;06/01/2022
FR0000125486;07/04/2022
FR0000125486;07/04/2022
CLP1744K1070;12/08/2021
;21/10/2021
US92826C8394;23/06/2022
US92826C8394;23/06/2022
;15/09/2022
;15/09/2022
;15/09/2022
;07/07/2022
;22/09/2022
;09/12/2021
US9285634021;18/06/2020
US9285634021;18/06/2020
US9285634021;18/06/2020
US9285634021;18/06/2020
US9285634021;18/06/2020
US9285634021;18/06/2020
US9285634021;18/06/2020
US9285634021;18/06/2020
GB00BH4HKS39;19/11/2020
GB00BH4HKS39;19/11/2020
GB00BH4HKS39;19/11/2020
GB00BH4HKS39;19/11/2020
;20/05/2021
;20/05/2021
;20/05/2021
;20/05/2021
;04/03/2021
DE0007664039;21/04/2022
DE0007664039;21/04/2022
DE0007664039;21/04/2022
SE0016844831;24/09/2020
SE0016844831;24/09/2020
US9290421091;02/09/2021
BRFDS02YOV62;01/12/2022
BRFDS02YOV62;01/12/2022
;04/01/2022
;04/01/2022
;21/04/2022
;21/04/2022
;21/04/2022
DE000WCH8881;13/01/2022
DE000WCH8881;13/01/2022
SE0017780133;08/12/2022
US9311421039;17/09/2020
US9311421039;17/09/2020
US9311421039;17/09/2020
US9311421039;17/09/2020
BE0003763779;21/04/2022
;10/11/2022
;25/06/2020
;20/10/2022
;20/10/2022
;20/10/2022
;06/10/2022
;06/10/2022
;13/01/2022
;01/09/2022
;01/09/2022
;28/07/2022
;01/06/2021
;22/09/2022
;08/12/2022
;08/12/2022
;08/12/2022
;24/02/2022
;24/02/2022
NL0000289213;19/11/2020
US9581021055;09/09/2021
US9581021055;09/09/2021
;17/11/2021
US96145D1054;12/05/2022
US96145D1054;12/05/2022
US96145D1054;12/05/2022
US9621661043;16/12/2021
US9621661043;16/12/2021
GB00B2PDGW16;24/11/2022
GB00B2PDGW16;24/11/2022
CA8283361076;26/05/2022
US9633201069;01/06/2020
US9633201069;01/06/2020
;08/10/2020
;08/12/2022
;08/12/2022
;08/12/2022
;10/11/2022
;10/11/2022
SE0011205194;17/12/2020
;15/07/2021
;20/01/2022
US9699041011;20/05/2021
US9699041011;20/05/2021
;01/10/2020
;01/10/2020
;01/10/2020
DK0061278355;27/01/2022
;31/03/2022
;29/09/2022
;10/11/2022
INE075A01022;01/10/2021
INE075A01022;01/10/2021
INE075A01022;01/10/2021
INE075A01022;01/10/2021
INE075A01022;01/10/2021
;22/07/2021
;22/07/2021
;25/08/2022
AU000000WOW2;24/09/2020
AU000000WOW2;24/09/2020
AU000000WOW2;01/10/2020
AU000000WOW2;01/10/2020
;11/08/2022
US98138H1014;24/03/2022
US98138H1014;24/03/2022
US98138H1014;24/03/2022
GB00B67G5X01;05/11/2020
GB00B67G5X01;05/11/2020
GB00B67G5X01;05/11/2020
FR0011981968;30/09/2021
FR0011981968;30/09/2021
JE00B8KF9B49;29/07/2021
JE00B8KF9B49;29/07/2021
CA92938W2022;27/10/2022
CA92938W2022;27/10/2022
CA92938W2022;27/10/2022
CA92938W2022;27/10/2022
;17/11/2022
;21/07/2022
;21/07/2022
US9841211033;29/04/2021
US9841211033;29/04/2021
;24/02/2022
;29/09/2022
;01/12/2022
JP3942600002;21/10/2021
JP3942600002;21/10/2021
;07/07/2022
;17/03/2022
JP3936800006;26/05/2022
;03/02/2022
JP3931650000;10/06/2021
;06/10/2022
;30/09/2021
;30/09/2021
;01/02/2021
;01/02/2021
;08/04/2021
;08/04/2021
;12/05/2022
TW0002885001;07/01/2022
TW0002885001;14/07/2022
TW0002885001;14/07/2022
TW0002885001;14/07/2022
TW0002885001;14/07/2022
TW0002885001;14/07/2022
TW0002885001;14/07/2022
US98850P1093;17/11/2022
US98850P1093;17/11/2022
US98850P1093;17/11/2022
US9884981013;20/05/2021
US9884981013;20/05/2021
US9884981013;20/05/2021
;15/07/2021
;04/08/2022
;16/12/2021
;16/12/2021
;16/12/2021
DE000ZAL1111;04/06/2020
DE000ZAL1111;04/06/2020
DE000ZAL1111;04/06/2020
DE000ZAL1111;04/06/2020
;04/10/2021
;04/10/2021
;04/10/2021
;04/10/2021
;21/04/2022
US9892071054;25/08/2022
US9892071054;25/08/2022
;22/09/2022
;06/10/2022
;06/10/2022
;06/10/2022
;06/10/2022
;17/11/2021
DE0007851008;24/02/2022
DE0007851008;24/02/2022
DE0007851008;24/02/2022
CNE100000NC4;28/10/2021
CNE100000NC4;28/10/2021
;08/12/2022
;08/12/2022
;01/06/2021
;08/12/2022
;23/06/2022
;23/06/2022
;23/06/2022
US98956P1021;05/08/2021
US98956P1021;05/08/2021
;28/10/2021
;28/10/2021
;28/10/2021
;28/10/2021
;17/11/2022
;17/11/2022
;01/12/2022
;01/12/2022
