ISIN,AR_50,AR_100,AR_150,AR_200,AR_250
FR0000120404,0.5185819665263214,0.4653393363013736,0.5734876914643028,0.6884845837539677,0.7199466910164265
FR0000120073,0.3808643212821927,0.5244481606706319,0.4752655935418959,0.4911333698711884,0.49291596590421705
FR0010220475,-0.7975389197911187,-0.4774032827388974,-0.5307460892114091,-0.5573597292939714,-0.5063313418351423
FR0000051732,-2.4466548842628444,-2.5542382623033433,-2.5268885631596794,-2.603730132667903,-2.7580345510182402
FR0000121857,no data on time period,no data on time period,no data on time period,no data on time period,no data on time period
FR0013280286,-1.9879899893196717,-1.969873260190591,-1.8787969532410131,-1.7682329285952592,-1.7264379877328317
FR0000125338,4.458781317533478,4.302529503177288,4.4080039487973455,4.28579624878247,4.283331283772207
FR0010828137,0.46741164523065315,0.49704057852852923,0.5898419200316529,0.44649323068226554,0.5035857357819529
FR0000120172,0.7259450824253499,0.5411374793940937,0.566183849342683,0.5872122056004625,0.6179210644601696
FR0000125585,-2.0227808562953253,-1.6206439123751082,-1.3453599095056612,-1.479356927673825,-1.4321542143282961
FR0000121634,-1.2165220943794464,-1.152388284294148,-1.2315784705284938,-1.1997341206377299,-1.179263702573763
FR0000064578,-0.4293491449965492,-0.3257701157671322,-0.1866472830918786,-0.20351802006599584,-0.17081406349008788
FR0000120644,0.5767948934560563,0.7127103794188572,0.7622720165408658,0.7296229891540773,0.6801253354682291
FR0000130650,price not available,price not available,price not available,price not available,price not available
FR0124392772,price not available,price not available,price not available,price not available,price not available
FR0010242511,-2.340297219158971,-1.9182412480229671,-1.994448411591765,-1.6050813774679984,-1.726718620578993
FR0010208488,-2.0749225892374934,-1.9591538993585234,-2.054905132024798,-1.9865018790743427,-1.9956938200949015
FR0000131757,4.548994769261727,3.8999579062714673,3.6388452544042105,3.160031095991478,3.144744787669085
FR0000121121,1.1801611884125762,1.1887550626260346,1.0728453278505246,1.0123469845472854,0.9604219692731064
FR0012789949,-0.006363819056276476,-0.016486516954383745,-0.02760388699176719,-0.050876632774410346,-0.26497453921543457
FR0000121147,0.24691860058845272,0.40270522615855064,0.2647244841158747,0.11359084031348221,0.12598499944920238
FR0011476928,0.2021897283524643,0.2624633603641069,0.18713301189875464,0.18836119665214257,0.11766679638969268
FR0010040865,-1.3436087788742945,-1.3107689057239247,-1.2889033547138107,-1.2604572840102746,-1.3104222517805186
FR0010533075,-0.2821541734617794,-0.2133804850295684,-0.1869895695195245,-0.26815841368326154,-0.2520072401917206
FR0000131906,-0.5390173539358223,-1.0299412698460464,-0.7393337296655145,-0.7783896405737623,-0.7076767158922692
FR0000121709,-1.1208280582240215,-0.7421490716918333,-0.6150207243367234,-0.6188378867052702,-0.6012238096077205
FR0000052292,-1.3262067548538314,-1.695981476799946,-1.7049002987734152,-1.7592994001845552,-1.768139187856388
FR0000035081,0.364772458510465,0.29836448773366,0.3534112441297421,0.2782627478693289,0.30457933757779276
FR0000120859,-0.31768044969027187,-0.31300181416156203,-0.2974701630247045,-0.29130513491205656,-0.2576482986452855
FR0010259150,-0.011105535851085868,0.3911173097728926,0.19932588102391513,0.22863784387023856,0.19084274596747886
FR0004007813,1.2210746535110895,1.0295156444593334,1.0462836651007001,1.0155330746993374,0.975060138905337
FR0000121485,-0.8705254882700575,-0.9600501392006078,-1.0915779217876342,-1.1533470025592574,-1.188893089971732
FR0000121964,0.3943117190483125,-0.1284509476112805,-1.3643310765588335,-2.30704467940247,-2.649557571590977
FR0000072399,no data on time period,no data on time period,no data on time period,no data on time period,no data on time period
FR0010307819,0.11920400113218932,0.1044842301920701,0.24267430967862547,0.18518617775482582,0.2256885756405369
FR0000120321,-0.7793470736925934,-0.6561787229647842,-0.6663088569064946,-0.6351117491510183,-0.6120686467829484
FR0004620037,price not available,price not available,price not available,price not available,price not available
FR0000121014,1.4708005852540063,1.3023561250413151,1.3094504715579824,1.1699455869070174,1.1037792610410269
FR0013153541,-0.9598886612966595,-1.2362314063112945,-1.1948979200706145,-1.3338395606190656,-1.251440280585736
FR0000038606,-0.08580125664462424,0.11479678115693392,0.014099787542665165,-0.05703701843388087,-0.037978779821379316
FR0010241638,1.0489327180131847,1.1780164277825689,1.1554153988027283,1.1821162787448602,1.2110939390715059
FR0000121261,price not available,price not available,price not available,price not available,price not available
FR0000044448,2.4973128193862104,2.3458884233925836,2.3381546500487405,2.38610189639914,2.405571347571067
FR0010112524,-1.887635421700784,-1.7423025395167269,-1.7624664427466685,-1.645327168761157,-1.5813287346940985
FR0000133308,-0.017596282060994284,0.09954923128907556,0.01005517630303654,0.11850803449495739,0.10269200311916471
FR0000120693,2.2340813583960006,2.322116122811946,2.2198659823103206,2.2097141455690084,2.2030231517432552
FR0000124570,-0.6956990855683243,-0.8499482704824035,-0.7511064207038953,-0.7577574644263119,-0.7442697326757619
FR0000121501,-1.0327297447227268,-0.8499524132832059,-0.7553631137894756,-0.7555634251438459,-0.8027165544038484
FR0000130577,1.7833481833316345,1.7204786875727685,1.6639620320655135,1.670370234259222,1.6392089548486588
FR0000130395,0.4728028154704078,0.3994997686617485,0.44485893718523295,0.3536945432808358,0.40203042696803637
FR0010451203,-1.2055605632301125,-1.0985933657721825,-1.2346208977072837,-1.3163884222759048,-1.3220014326272511
FR0000125007,-0.7934862664367381,-0.8240708321263224,-0.9293864254297457,-0.9705802851708967,-0.9866416587226201
FR0000120578,-1.4361646458647903,-1.4970800701896936,-1.5063512857174333,-1.4800652228028843,-1.5163114696421065
FR0000121972,-2.851696031541695,-2.355856057985384,-2.3734726730534006,-2.401651650354486,-2.4041751263486066
FR0000033409,-0.7549415652784663,-1.2474809139921383,-1.0691065764600216,-1.0671845147415482,-0.9876410629251042
FR0000121220,-0.2561869429098862,-0.23693650826496215,-0.28415647233528407,-0.3308273586315136,-0.2991981590842574
FR0013227113,1.3748986303044886,1.5716773476977641,1.56720630883449,1.552400306960533,1.5225635164536566
FR0013199916,0.5546340305909947,0.3672094647269475,0.4286131566977325,0.46496129751743,0.393457221148652
FR0000050809,-1.8315605190088124,-1.9205982572762847,-1.7603670845400154,-1.6539339496579597,-1.2211267429926065
FR0012757854,-0.9156550793096407,-0.8140507727114721,-0.9332327213916414,-0.9103065752463779,-0.9139857142561048
FR0010613471,-0.02202586464463696,0.019448120551213144,-0.052378622779403194,-0.06843254299213619,-0.03529788246174892
FR0000051807,-1.37537514872762,-1.5753225777951352,-1.5661046482080332,-1.5946860487895398,-1.5548971735585337
FR0000054470,-0.9255926104463685,-0.7985810292812756,-0.9322965211425394,-0.8611630322269082,-0.8340990685137384
FR0013326246,-0.2339582494665038,0.9756287125112006,1.0831022008932711,1.2849871420670622,1.3109296183354324
FR0013176526,1.3598667660402741,1.262273695129601,1.1028398973026765,1.0372279240077997,0.9853201889271856
FR0000120354,price not available,price not available,price not available,price not available,price not available
FR0000124141,-1.8971709364486333,-1.8861570964956886,-1.9752505123662667,-1.8804024375055128,-1.9118479574056324
FR0013447729,0.5692817272978989,0.4469328884598056,0.2784148567028244,0.22797029944334746,0.20284588336212384
FR0000125486,0.7106216962632805,0.6096968673220626,0.6121996086145387,0.6431013734390589,0.6474422690446513
FR0011981968,-0.8343695625864789,-1.1469483283791937,-1.1702426828329893,-1.143317211053918,-1.1044722475930913
US0028241000,-0.4351320937723724,-0.6979700365268293,-0.6464812199828973,-0.6317263797669836,-0.652590863132585
US00724F1012,0.9944436384617283,1.0096349134856464,0.8744851960726052,0.8075111355733577,0.6069254717002037
US0079031078,1.0801990624816238,2.2709100639173974,1.4611926754603433,1.9475898814373727,2.773526055807518
US00766T1007,1.5212768046269254,1.47645847734168,1.3212366286798671,1.393313943659269,1.3684450737145637
US0090661010,-0.6353076032044713,-0.8366293197605179,-0.517916288736564,-0.9702880571253347,-0.940746287279759
US0130911037,-1.905592388818278,-1.6679659273055814,-1.8095454743798034,-2.0855706037817057,-2.0773544639168917
US40052RAA14,price not available,price not available,price not available,price not available,price not available
USP01703AC49,price not available,price not available,price not available,price not available,price not available
US02209S1033,-0.4973516695386482,-0.4103507742286405,-0.3840003697633154,-0.4802068825390249,-0.41895487802442455
US0226631085,price not available,price not available,price not available,price not available,price not available
US02376R1023,-1.8356425626047113,-1.2284319679717548,-1.0434111375751565,-1.0692906158290993,-0.9598793125945582
US0240611030,0.2014316534974525,-0.23209806991334458,-0.33914618075697733,-0.21251619567933533,-0.10719685567700532
US02553E1064,-1.829469241318482,-1.8471858048178191,-1.8086000867209129,-1.7707749627234093,-1.7518267760386896
US03027X1000,-0.5354247207081442,-0.5473962245978181,-0.6316261123152089,-0.6131984999990459,-0.5521428198005052
US0326541051,-1.3211987611890574,-1.8051695984285576,-1.742074102283242,-1.685408757146134,-1.6988105423860644
US0378331005,0.511203268209548,0.5716597951711755,0.5153078329262817,0.359359807112658,0.3258597364593774
US0383361039,0.16674972039882885,0.14045584244306575,0.21714082664205936,0.22542500197388904,0.27029811465542064
US04247X1028,0.2664380334470806,0.09802609992188849,0.14991351297823918,0.2556442830819017,0.1631589811601497
US00206R1023,1.6695155053220168,1.7126425602029371,1.6530031859738115,1.7042345653505597,1.6619936485936737
US0527691069,2.807693443470627,2.5624984359832403,2.5686789685629874,2.752713424020703,2.6783398554435456
US0528001094,-1.7372988574245407,-1.6246875960982954,-1.4193237249766844,-1.319816617921643,-1.4519148277580607
US0534841012,1.1042252648566286,1.1709431643085244,1.1676249899693625,1.1776428192311172,1.156358342034891
US0536111091,0.6205053954103867,0.6028112865974267,0.483558837563014,0.4657547614920654,0.46059047666713315
US0584981064,-1.6008042946884404,-1.8197181485975933,-1.672249547653426,-1.637396007836045,-1.7216664732318976
US0814651065,price not available,price not available,price not available,price not available,price not available
US08579W1036,0.41829465252714026,0.25128336753246217,0.18163800460351265,0.1814987318306649,0.13762751913126703
US0865161014,0.31468972128170236,0.1394751819443929,0.14061206143041183,0.26099712230478467,0.26419086196385333
US09062X1037,0.6089608078443498,0.3362811961177714,0.2344268571330077,0.18752528831070814,0.0738417724974294
US1011211018,-2.921933571050761,-3.172239156986889,-3.2606596843437585,-3.2766172329634746,-3.267980687413219
US1011371077,-1.2382697413203747,-1.2698324626965185,-1.0894930145867954,-1.105877794908805,-1.101082093492789
US11120U1051,1.0566394389740497,1.0505096317436458,0.9930817754977284,0.8039815467534295,0.8440910334792218
US1276861036,1.9671715117958732,1.8693488023949878,1.7646483996876183,1.7131801502717092,1.7129693407069824
US1344291091,1.6081117931969202,1.3075941968938354,1.438170386160731,1.4941749115864433,1.483191877621215
US1417810058,price not available,price not available,price not available,price not available,price not available
US1462291097,2.6539554068945703,2.7717311168296788,2.67953461297743,2.603674862514249,2.619719641701379
US12504L1098,1.3400492372695805,1.3082219268354178,1.489198057696739,1.4311030271017433,1.4333825530289945
US1598641074,1.4323326712039952,1.441684795989584,1.4195782300516768,1.3710619720531225,1.3690633296867816
US1696561059,0.5658284813126135,0.1564077189405877,0.37846124428360106,0.47217544922706356,0.5129333043803808
US1700328099,no data on time period,no data on time period,no data on time period,no data on time period,no data on time period
US1713401024,-0.0637944614906738,0.14328691408922456,0.22183994554716424,0.2361832539127029,0.2790452164133539
US17275R1023,0.4857581945090117,0.5541010226468135,0.5420244827729737,0.4618701499811251,0.44144521492476274
US19122T1097,price not available,price not available,price not available,price not available,price not available
US1912411089,-1.6185544995192203,-1.0385295602016287,-1.1512722346424864,-1.1822203385247532,-1.1610866203522363
US1924461023,0.13619386726221316,0.24234624079404465,0.1567454411744662,0.07015350569670176,0.03204359128394785
US1941621039,-1.3702465738927416,-1.1715889513717936,-1.2719709262536627,-1.2711262588663175,-1.3048098203234826
US2946281027,-0.9350128365364418,-0.8790091691998625,-0.8875903947207386,-0.8734602752285103,-0.8488410982511074
US2058871029,1.3627387984528783,1.0110641464484593,1.0067364272545398,0.8382987700173095,0.26613673509938707
US2220702037,0.9337725652744044,1.1068302886671377,1.0486609540888203,0.9550474127649311,1.0425506894840897
US2283681060,0.01092237287424469,0.05161958894803753,0.06688815566611162,0.03378473448831798,0.0571170536874388
US1264081035,-0.09761061326730713,-0.3493513735098208,-0.21233229314304713,-0.27222085356192194,-0.34169559087177115
US2310211063,-1.2723222953573976,-1.548941648368718,-2.1495685405036435,-1.8469551104035142,-1.7797063624479081
US1266501006,-0.5040793373383701,-0.4754420906261103,-0.6311728294236985,-0.5765166641115038,-0.6721218006893293
US23283R1005,no data on time period,no data on time period,no data on time period,no data on time period,no data on time period
US23918K1088,-0.7290448804618266,-0.55407183408408,-0.6967353245786012,-0.7072563192875969,-0.685528110293665
US2435371073,1.5572059497895419,1.1648953250060101,1.296950196758595,1.3715743148469794,1.3734448099894214
US2441991054,0.9004436644054481,0.551938359643156,0.6194610065585859,0.605198041049082,0.5710878912561723
US24703L1035,price not available,price not available,price not available,price not available,price not available
US2473617023,1.492169016659095,1.6029084002584848,1.718529115591838,1.7422695978626557,1.6512585181616912
US2538681030,0.6797939921307727,0.6640682255667163,0.577446136799864,0.49069443861669004,0.45488332072902704
US2600031080,-0.13580991818811228,-0.15016299739061267,-0.057095633823367464,-0.19372149857588283,-0.22377901990813243
US2644115055,0.43443633543422955,0.618835381603744,0.7853007935394674,0.6632560526864006,0.7055817036606626
US26915N2071,price not available,price not available,price not available,price not available,price not available
US2786421030,2.8979612836002255,2.9476023496324277,3.055749019733711,3.014057930543257,3.091695364575675
US2788651006,-1.5072070511819025,-1.226428123077461,-1.2071617671064128,-1.11949436278852,-1.1563780903940835
US46048V1089,no data on time period,no data on time period,no data on time period,no data on time period,no data on time period
US2910111044,0.18475609822243833,0.21485012549760096,0.23787717531371655,0.06384583962342205,0.12406717641468834
US29444U7000,0.21875990716770932,0.41625616010942945,0.4921025033541637,0.5175292588751823,0.4698286309309241
US29786A1060,-1.1523229265136714,-0.4979290602633246,0.30213210851026684,-0.10859176680703131,-0.32411768120953477
US3076751086,-3.2745401581773304,-3.764037487746963,-4.033387626060547,-4.1201580066201,-4.11628166240946
US3453708600,-0.8960249875465065,-0.9659879538243876,-0.9981405755743911,-0.9415018237076689,-1.2774598594012643
US3647601083,-1.65488939444699,-1.532211130780048,-1.239434728775357,-1.1630381945113677,-1.2027491869239015
US3703341046,-1.7274987339178427,-1.767745404493859,-1.7820807431113028,-1.9071577280484031,-1.8965180668916504
US37045V1008,0.8440445068744529,0.4970233795545287,0.40287935250817863,0.3749816060205413,0.35598186582788127
US3755581036,-0.22833200281304755,-0.27331344198331387,-0.17163198592125006,-0.0950431859270684,-0.06805086498526958
US4016171054,-2.636097616238764,-2.3253832360671356,-2.2626008372892303,-2.2436457744366645,-2.030044255597774
US41068X1000,-1.1066140881806463,-1.3743605517872015,-1.5481749007623002,-1.488144558965987,-1.3945305258020624
US40414L1098,price not available,price not available,price not available,price not available,price not available
US42824C1099,0.3423827074543251,0.28305947304239076,0.19902842887644656,0.15904154420771643,0.16867294675280142
US43300A2033,0.47365677403398143,0.2674834158420625,0.24025105379461564,0.20138036342760568,0.17330362302292457
US4042511000,0.6412157670037111,0.6912228342909721,1.0569555051325175,1.0870868658370059,1.007463840691103
US44107P1049,0.22118047285181186,0.00859227743830182,-0.08605310009091038,-0.11778248776634914,-0.11283602335212528
US40434L1052,-2.2639906866967374,-2.590804738587582,-2.607875652953806,-2.846941268026404,-2.9652007803047
US4440971095,2.340161679388264,2.7536835663147796,2.694879027833297,2.5865662406900913,2.654550383208698
US4485791028,-1.9423582995135025,-1.6899356528028653,-1.6168156970896685,-1.676161103036078,-1.6926037572424724
US44925C1036,1.5450139309223676,1.4777411709811172,1.3961162565731655,1.4303056712797524,1.3762482611674232
US4523271090,1.8489030918342308,1.4544769037333594,1.3857458873847706,1.4162292121169817,1.3521505200426498
US4571871023,0.5121590174044455,0.6327783860264558,0.6892508125508456,0.7372044736792871,0.8081152945494607
US4586653044,-1.068121452914772,-1.2030154794636538,-1.1983199586178106,-1.3606800402771513,-1.1840305417508468
US4595061015,-0.06640691323382963,-0.08943160572250086,-0.14871122391073577,-0.20578176749460608,-0.22507138489902268
US4601461035,-0.22607468203151848,-0.3571488876824458,-0.4642444336238394,-0.5025981118504608,-0.5227628551118468
US4612021034,1.6422607508729037,1.6363894350567065,1.7572411360839313,1.7428302129767204,1.717587206637261
US46284V1017,-0.2929323753408708,-0.24040024803161364,-0.19524573564854153,-0.20006110841020996,-0.23714824255458566
US4698141078,price not available,price not available,price not available,price not available,price not available
US47010BAK08,price not available,price not available,price not available,price not available,price not available
US48020Q1076,-0.0007068229503026657,-0.1395834224421577,-0.10864490993272025,-0.11544907856357867,-0.13327415149833044
US4781601046,-0.549909883518418,-0.5734296614040346,-0.47006456833749155,-0.5691421850226197,-0.6079267897169505
US4851703029,1.2873446366844066,1.4869649216509684,1.5585768620043128,1.5386917674026002,1.476573690352101
US4878361082,1.0431824021805092,0.9473770635201384,0.9231798189990204,0.8463359314113128,0.7005309643815405
US26138E1091,price not available,price not available,price not available,price not available,price not available
US49427F1084,1.7937360716150041,1.672158403534163,1.5881179538852264,1.655532464075249,1.620198300798692
US4943681035,-0.16259821873739755,-0.08485127939596993,-0.14623719653041878,-0.09472421242364693,-0.10530352024412659
US49446R1095,-1.944823152441133,-2.274280070560142,-2.1833919672635593,-2.275983545603033,-1.8484369798047906
US5128071082,2.1283637555280954,1.7006294513572495,1.6121947724788699,1.583851025105809,1.5084166513350983
US5261071071,-1.0095626009396175,-0.8241182415614556,-0.8515565991594309,-0.9275548837207381,-0.9638578610767667
US52736R1023,no data for regression,no data for regression,no data for regression,no data for regression,no data for regression
US74005P1049,no data on time period,no data on time period,no data on time period,no data on time period,no data on time period
US5500211090,-1.3308873467507643,-0.9188851163972722,-0.8964378404693218,-0.8359257336033044,-0.8372509506951675
US52729N3089,no data on time period,no data on time period,no data on time period,no data on time period,no data on time period
US56418H1005,-1.6021983514153182,-1.8122931576019297,-1.8436351905116721,-1.9059727355888567,-1.9815095120380821
US57636Q1040,-3.4985872227035864,-3.5099978783509678,-3.5194638165115033,-3.4260184837299756,-3.4362619438689346
US5797802064,1.0399567870215565,0.974027958621837,0.9011479668361577,0.8133642468379776,0.8389293579657009
US5801351017,-0.5387376209315176,-0.5988779771470831,-0.6623169806567852,-0.6782357050129417,-0.6968206181734771
US5880561015,0.7153257657473988,0.19448888106932127,0.508128394194296,0.3096794868549635,0.42977245839395106
US58933Y1055,-1.2205166810440926,-1.1895154571698763,-1.3098259611728724,-1.3124501020713386,-1.0466803191786944
US5926881054,-0.7434853485335569,-0.5296276277840462,-0.3487205872501731,-0.25599476247444297,-0.21181175450133427
US5949181045,-0.6099302202524193,-0.6629087805076095,-0.7546227541421535,-0.7003891584953292,-0.6784934915783136
US60081H1086,price not available,price not available,price not available,price not available,price not available
US60871R2094,-0.5943069150208258,-0.5534459108481382,-0.4198567488213456,-0.4876228864737042,-0.4491671047483159
US50075N1046,price not available,price not available,price not available,price not available,price not available
US6153691059,1.4188468545337507,1.4608776405602653,1.4417461323089187,1.4698313485937087,1.4183980839321375
US55354G1004,-1.4334094501098016,-1.3899897787812532,-1.4667246091317865,-1.3440845677301083,-1.275264608630844
US6311031081,-0.9630545197921836,-1.1645732647079132,-1.018985799218819,-0.8686874102638464,-0.9449971427930914
US64110L1061,0.7078379600951701,0.9413251645614684,1.03273421071447,0.9879171955795352,0.9839835772272876
US6516391066,-2.3292109653271997,-1.7186492880805204,-1.8147048460609994,-1.8421139035146417,-1.8389413544936395
US65249B2088,-0.5069837253840803,-0.5643809202064753,-0.4422516469710591,-0.4207093260356398,-0.43366711953245485
US6541061031,-0.6963062364278683,-0.6907154687916695,-0.6933614127802912,-0.8117498871898055,-0.7427600310291771
US6558441084,0.6807763824352775,0.4864496142747088,0.4260508590036127,0.4843699142434321,0.4415271059439507
US6293775085,-0.05102429460790425,0.2411279145080103,0.3535791072492023,0.4606914299297271,0.36673746426940657
US6907684038,price not available,price not available,price not available,price not available,price not available
US6792951054,-3.0951791397197725,-2.6080035544496782,-2.5759653856260334,-2.6258536014288403,-2.6950875496122406
US6907421019,0.1787926821418928,0.14476184451974738,0.1985657778453387,0.2010044502651187,0.2765393512698555
US6937181088,1.8480610930933672,1.673688466896639,1.6369464393910516,1.5898219383005063,1.5169234972313372
US70450Y1038,0.8313695211751515,0.5847548997479857,0.7641123558715934,0.7409301937766344,0.5643503631594271
US7134481081,0.18727239230740267,0.28539495613881805,0.2609535892094117,0.2919261142318552,0.3600275139216236
US7170811035,-1.149325008592017,-0.9693727505452499,-1.0846953433681694,-1.093365894215692,-1.057194098283154
US7181721090,3.1483478047900637,3.198228148501736,3.0463308850624538,3.0780198355433885,3.0852872841291568
US71943U1043,1.5750823142933856,1.4840609076480327,1.431333863436668,1.421214622915845,1.3620279501156407
US72147K1088,-0.1365089755764215,-0.048928106969037266,-0.050662423165803716,0.038552072358277734,0.11299856519511042
US7427181091,-2.0601808790889464,-1.7728906557425317,-1.9207445793445577,-1.959671867738233,-2.013568150173095
US74340W1036,0.5245664717701493,0.5685296926592032,0.6411826537786602,0.6159213009623965,0.6143027267041967
US6936561009,-2.881192291839585,-2.507832414180078,-2.4832158429003437,-2.5853581018465355,-2.595512109094056
US7512121010,-1.441339469975389,-1.2614900136421858,-1.4173070354713713,-1.4687265079477374,-1.4502805672826802
US7588491032,-0.6971218001712187,-0.3097679671005271,-0.5011663638688102,-0.4945369908094688,-0.44221684466670963
US7607591002,-0.0327976762392268,-0.08653141235768214,-0.11148302796881726,-0.0871528735925775,-0.09157380539486226
US76117W1099,-1.5279892141319529,-1.2052927907642896,-1.022696339518503,-0.9255904730757214,-0.9413529494207928
US78409V1044,0.39603375505455896,0.10204951787964323,0.03204248855457337,-0.11018629242267597,-0.2367753502656944
US79466L3024,0.13632384903607964,0.14088933119948965,0.13837769745370654,0.07202092817994998,-0.07750901606502492
US81211K1007,0.5846237101959639,0.8771118556114343,0.8587679733280229,0.8928253059331093,0.8531074988701315
US81762P1021,-3.3231024706559364,-2.905275885201164,-2.9337132156214474,-2.8323441007281125,-2.7081412751061684
US81806K1016,price not available,price not available,price not available,price not available,price not available
US8288061091,-2.8912420876798794,-3.30557619060845,-2.549347480088837,-2.5154064701931933,-2.511248633125951
US83304A1060,0.8822601718066148,0.16723019631079694,-0.049015230377924546,-0.012712576117701602,-0.011956564995929675
US8354951027,-0.5094786355205994,-0.2382742762722767,-0.24211857175335805,-0.48058281595912966,-0.4029667386280966
US8545021011,-0.059125051605946055,-0.1688980611122104,-0.2723114850537889,-0.2683206209137978,-0.2988108616046037
US8552441094,-0.48115819413662164,-0.6644887433575053,-0.6783196734860941,-0.6509514498174052,-0.7640309313115101
US8581552036,0.11183166416011137,0.6325775395610522,0.759254609332416,0.6154353722873651,0.5556837484779642
US9136741074,price not available,price not available,price not available,price not available,price not available
US8718291078,-1.5135385245971689,-1.5795021522139074,-1.5531708109795428,-1.4404809286638343,-1.4934142880440038
US87612E1064,0.3549086293188175,0.3738936095330381,0.39479295724493824,0.36971719655496393,0.35083735755150336
US8803451033,0.5883051374712123,0.5888485993013282,0.6221259305293492,0.750791864519984,0.7361610151648712
US1689051076,-5.868190223977166,-5.395383008504673,-4.883087883322268,-5.254246634269045,-4.91622532405499
US1890541097,-1.1941967751408211,-1.043032594680049,-0.9434776620850793,-0.9323520692630205,-1.0033416470294099
US1912161007,-0.3976888435740733,-0.4236995734936855,-0.43618115072219243,-0.3461324693654566,-0.370870920258759
US5184391044,2.7613174218165337,2.8402124496490933,2.5932944374226663,2.6766764431584544,2.6493400584013393
US4278661081,2.50149829168248,1.9182889235378031,1.992647899718758,1.9975660149540886,1.8001821703760301
US8326964058,0.11865819258124466,0.14131726591375404,-0.030997389472520176,0.040352593718595564,0.16223226414010528
US5543821012,3.517987620457874,4.16823844924582,4.547253700298548,3.137447759835821,3.340302879193646
US8725901040,-0.07716754720556995,-0.05167015628737559,-0.02389375903244506,-0.009318667704016903,-0.035114217216247745
US456873AF50,price not available,price not available,price not available,price not available,price not available
US9024941034,-0.3865203912460702,-0.504767304315612,-0.4685749513192783,-0.47450757113355335,-0.5916437335854341
US9043111072,-0.171509530236702,-0.1737943943943998,-0.369552649778071,-0.2079578438876295,-0.2503978145210306
US9078181081,0.45664388084045715,0.3070406176421736,0.28576480964654927,0.1258918104698692,0.018895195719759172
US9111631035,-0.7818024813861957,-0.8100488292680286,-0.7136035690118447,-0.7588930552019812,-0.8601306300557665
US9134561094,-1.239386086429095,-1.3017674690736558,-1.4277906304359878,-1.5060718738045709,-1.473749933424029
US92276F1003,-0.25132022766736206,-0.19580550167339617,-0.28473001130493447,-0.2811565979248476,-0.4739320112791878
US92343V1044,1.3630057743710289,1.5365962459285232,1.5177688117202326,1.4593505122871386,1.485904418313222
US9182041080,0.56205526965174,0.540609233449052,0.5198305140144743,0.5012027950229925,0.4839347203438038
US92556V1061,-1.1404734004710981,-0.818254415355768,-0.7974316372842738,-0.6431227272823414,-0.7386526753508038
US92826C8394,1.617948961938609,1.3488484649508914,1.4104684671889522,1.4849508808996603,1.5745288759124731
US9285634021,2.962776638246445,3.193349882946528,3.2612824905206894,3.189399914943236,3.3021414713243824
US9290421091,-0.3753342952964034,-0.8652968371486214,-0.9340201983673357,-0.9688416358024754,-0.5560425775682276
US9311421039,1.822741576059017,0.6584767550138371,0.607266460648892,0.6651186818201982,0.6759256933356883
US9581021055,1.0225685365839898,0.7701774212881984,0.6225786243373665,0.42323490884612625,0.43560697250246694
US96145D1054,-4.531311381819403,-4.503091726491959,-4.438780382069984,-4.390371552780737,-4.42127956196331
US9621661043,-0.764085960684735,-0.6821792105635938,-0.254809915216736,-0.23503016046187986,-0.247853772085449
US9633201069,2.277993252634536,2.8888391047374506,2.944956997814696,2.868194805095081,2.780354604932711
US9699041011,-0.8656936552084216,-1.0979301756080528,-0.9630661183256728,-0.9905758490254102,-1.0984423123954534
US98138H1014,-0.6342618232089925,-0.26161793434410496,-0.4829204391283093,-0.47523022225196554,-0.3935103385884431
US9841211033,price not available,price not available,price not available,price not available,price not available
US98850P1093,-0.14962701631053843,-0.058707602046892404,-0.259946843683001,-0.1922175434418527,-0.12616447456965663
US9884981013,0.25900031477035235,0.4479835038777358,0.341885877495951,0.34002246101318967,0.33199508237438113
US9892071054,-2.1566320703869324,-1.7937279379330762,-1.4871206477819143,-1.6359244265732653,-1.6421379204195286
US98956P1021,0.5355890238310956,0.29570439931254633,0.2461227481854955,0.1757159907775696,0.11982150573497385
DE000A3CNK42,no data for regression,no data for regression,no data for regression,no data for regression,no data for regression
DE000A1EWWW0,-1.1684434784033582,-1.1762830723789364,-1.1498939708737388,-1.215442666251787,-1.2302717552128972
DE0005103006,-0.38608018544041833,-0.08682187785362672,-0.05265913194401062,0.001113135417196709,0.17822969602070415
DEXXXXXALDI0,price not available,price not available,price not available,price not available,price not available
DE000A0LD2U1,-0.3371307908250909,-0.2975508645677971,-0.4303816000749583,-0.49276394090271847,-0.5698437026014136
DE0006766504,-1.659549272899563,-1.4822047119432358,-1.4923802805290154,-1.4037111786408096,-1.4485689786045586
DE000BAY0017,-0.3952583492148998,-0.7379861533554521,-0.6857971209797142,-0.7627167833154758,-0.7576327265485627
DE0005200000,0.23034225586358037,0.3092257722895009,0.32081167648290165,0.37965392237717666,0.33071242662944256
DE0005224901,price not available,price not available,price not available,price not available,price not available
DE0005261606,-1.61777952042772,-1.694569188750028,-1.7053557166620048,-1.658385793480821,-1.7260500625458475
DE0005190003,-1.0478341185067297,-1.0477721527830441,-0.9337764292186357,-0.841895421133021,-0.8620587895760146
DE0005403901,-0.5197441377092549,-0.6046446590904031,-0.8334009644441975,-1.0931876853358946,-1.1894923363728327
DE0005439004,-0.9479184120552264,-0.7139335530571445,-0.6483232023794527,-0.4850667421118282,-0.4390509975158996
DE0008220005,price not available,price not available,price not available,price not available,price not available
DE0005552004,-0.09597549188713472,0.005887423850303719,0.04858894380006529,0.07543595435370865,0.07824163282259544
DE0005557508,0.3779848076398751,0.3089135699293255,0.3000044457369899,0.30030026974878776,0.2869540988098773
DE0005878003,0.116903987103667,0.11330285495008141,0.12640897469440304,0.11100209878076583,0.11372353384564438
DE0005565204,-2.2204654157874204,-1.8437569948209775,-1.9244566042224687,-1.9208840790269743,-1.7747414233067804
DE000ENAG999,-1.419399873355054,-1.1398746221804479,-1.3023878981738402,-1.3284125545092285,-1.3285442397030223
DE0006602006,-0.8213082151902085,-0.7240961957458381,-0.8340685304088047,-0.8053409826900837,-0.736499798643464
DE0006047004,-1.943243732347466,-1.4641000362139889,-1.3801206670333688,-1.3407362313247573,-1.4645940698468585
DE0006048432,-1.3012373188250326,-1.1223739972585633,-1.1289040654136828,-1.1267594867844233,-1.0332606119779708
DE000A1PHFF7,0.3183708145512054,-0.24027221070075377,-0.17870358856065804,-0.2402815768438371,-0.26387066524971026
DE000A2NBX80,3.5485348818536044,3.817733932895573,3.8461570856224814,3.81225942015333,3.8985157131401382
DE000KC01000,0.599659579381262,0.35635875527751937,0.3969563736758275,0.22545235584503498,0.11373725133823065
DE0006335003,0.7735860351744561,0.8991392378592034,0.8358795707837485,0.9187512770596484,0.8732620023360838
DE0005470405,-2.1858775287945664,-1.9771084811246231,-1.9162417752608296,-1.9266636382743174,-1.9421682449375366
DE0006599905,-1.9283160695833246,-1.8500226321104596,-2.1622128622067915,-2.2411801848031265,-2.2911866228683353
DE000A0H52F5,-0.22228651384910147,-0.0730503024171214,-0.10703161404230777,-0.12312611318703315,-0.14283809312968243
DE0006968001,0.1495685377903344,0.11015958349147592,0.14689593434578097,0.13328890539483496,0.17979979182235484
DE0006969603,0.8975619654323808,0.8456970411368836,0.816499870479892,0.873059583832192,0.922135430282589
DE0007037129,-0.9940937182316478,-0.9165088284530665,-1.0420665362391057,-0.8626531570308349,-0.9399003580754517
DE0007164600,-1.6039898973619793,-1.5454458431942597,-1.687874195207839,-1.6402470913818967,-1.5121983643540005
DE0007236101,-0.2754078293097928,-0.2816010856764972,-0.19322584116672203,-0.2948504825878384,-0.22895462985776938
DE000ENER6Y0,1.1030775801988302,0.7962353526500543,no data for regression,no data for regression,no data for regression
DE000SHL1006,-0.23814745852323016,-0.5271016384410632,-0.4715646946869545,-0.48684201841916463,-0.5025098324826671
DE000SYM9999,0.48145103583002724,0.3646332448857259,0.3308709736599247,0.25577408602401874,0.22438859637530228
DE0007500001,-1.2450052169654002,-1.686323819145641,-1.6098239521444846,-1.4080596078484886,-1.451396960804574
DE0006012008,price not available,price not available,price not available,price not available,price not available
DE0007664039,-0.13436952124795676,-0.37785045799079153,-0.3138339510359578,-0.3465606252887943,-0.4840917366994324
DE000WCH8881,3.0123523436358046,2.749906953785508,2.7283083827691845,2.660106161567266,2.668238610423357
DE000ZAL1111,-0.2636686464074778,0.26674889909088506,0.3500128750760778,0.5350785823611481,0.5163356804156471
DE0007851008,price not available,price not available,price not available,price not available,price not available
AU000000BLD2,-0.4169838983361318,-0.30246100985770186,-0.4221689197027034,-0.5668804142706096,-0.5940956622122795
AU000000BXB1,0.1620470852756739,0.3087484641811855,0.37674321511920184,0.37896665549471686,0.33576326433137904
AU000000DXS1,1.0596518941628386,1.0814290538685212,0.9567933455768562,0.9993955466029103,0.9821796612655476
AU000000GMG2,-0.24964956100860247,-0.14577291456234764,-0.0820662038922726,-0.19909601159536772,-0.2052685108915986
AU000000IPG1,price not available,price not available,price not available,price not available,price not available
AU000000ORG5,0.5677236283709641,0.3675086807316985,0.45916869132014426,0.5642353678105838,0.506860818241206
AU000000TLS2,-0.3406547574688612,-0.325499106118754,-0.3580530857364761,-0.38439397710773315,-0.36027355356585966
AU000000TCL6,-0.8820233468824656,-1.3594352422155787,-1.0419206413370685,-1.057500456820537,-1.0488019202717025
AU000000WOW2,-0.8034170680086161,-0.787395424916193,-0.24536496364430116,-0.35124960083835477,-0.3899124409050936
AT0000720008,0.21030927752136996,0.6839178806454904,0.8098033759606604,0.7806306740809066,0.7382186625575993
AT0000A13JT9,price not available,price not available,price not available,price not available,price not available
AT0000741053,-1.161366898525562,-1.2397747957733185,-1.1568466877610262,-1.1105887333389464,-1.0555185288228963
AT0000644505,0.8553278528521169,0.8452780069373889,0.9036129918835512,0.8194127612199731,0.7980812846157814
AT0000938204,0.2512816627861181,0.24156230423364455,0.2474636144260578,0.277279263073571,0.24970081344876105
AT0000APOST4,-0.7919060521832111,-0.8972879098557152,-0.9105248919798137,-0.8389859700726032,-0.886420432210222
AT0000606306,-1.2573670915312696,-1.1177351518117606,-0.9864550686397355,-0.9465741607512679,-0.9318601124346348
BE0974293251,-0.19193092269288448,0.17446638905453948,0.07983776590475555,-0.06628722297853384,-0.1294795958779793
BE0003790079,price not available,price not available,price not available,price not available,price not available
BE0003678894,-0.012630101174504471,-0.8011378595645047,-0.5787346090618151,-0.4288763146389263,-0.36329840203892516
BE0974268972,1.6194616704785947,1.3404801081781659,1.3706706651009481,1.4311105778882394,1.272703596267133
BE0003593044,0.19482331131810415,0.10340530176478069,0.12899198037268356,0.19786368392660236,0.1141214036103011
BE0003822393,-0.679773592913635,-0.7508403279701148,-1.02830416745191,-1.2238191322628045,-1.2675886111226942
BE0003765790,-0.8300640695551698,-0.7487670540027747,-0.8363548896417772,-0.7955566079653309,-0.8043673376594951
BE0003797140,0.7500460687446697,0.7274111931836247,0.7149494743382112,0.6972580783199733,0.7037974774998457
BE0003853703,-0.45066793758012924,-0.40432611910454774,-0.4683560207025872,-0.4304603916237326,-0.38271749012501743
BE0974258874,1.1299289300546356,1.5474942980471251,1.647161846048717,1.6950970784098462,1.6522783695950727
BE0974276082,0.1162097973430809,0.6523975052745268,0.8735949702829648,0.9453894694988474,1.0543136703226041
BE0003810273,-1.296436275610946,-1.1631072135884102,-1.2580697897862536,-1.4564220726484223,-1.4568270788973492
BE0944264663,price not available,price not available,price not available,price not available,price not available
BE0003798155,-0.021522392129003087,0.048213017879750186,-0.011658906891920395,-0.038597921838912086,-0.0012617403396086857
BE0974338700,-0.011850024905424306,-0.08908549836754709,0.06180633984750328,0.05250397424315656,0.06164984734907675
BE0003739530,1.8824452867052588,1.94084954349385,1.8359994183689832,1.837147939956485,1.6410379286224686
BE0974320526,-1.6536360059483335,-1.4394060062418723,-1.3887381704976165,-1.4822778999292185,-1.374465939892222
BE0003763779,price not available,price not available,price not available,price not available,price not available
CA05534B7604,-0.26253282397293853,-0.3602845855615766,-0.38114545267454725,-0.4176391613012309,-0.4056370929128139
CA1363751027,1.2788188370533748,1.210335335877033,1.2026285652231627,1.1836975986946108,1.1350207914320842
CA13645T1003,price not available,price not available,price not available,price not available,price not available
CA1467721082,0.17090775528357804,0.03606501880959456,-0.13877418402228336,-0.12624037114374875,-0.07550352974881047
CA15101Q1081,0.8434314539702781,1.0266481267971361,0.8276710532749254,0.8521457763331464,0.8604700164663637
CA12532H1047,0.6897331406238605,0.6376323563430653,0.6087794154116866,0.6093430535437871,0.6121458322387863
CA17039A1066,0.21698070336563235,0.1918388614930988,0.18755278761577454,0.18762685598321394,0.19613650945375927
CA19238T1003,-0.4598426700049507,-0.000147671429007179,-0.1598703610001473,-0.12440773537526484,-0.09320121143557847
CA5649051078,0.3031484261988404,0.03216108378123472,-0.16426753519401815,-0.2472951351811914,-0.2935013712467405
CA76131D1033,0.7391193660366557,0.7834965104265068,0.6355142647705758,0.7115411660765236,0.7726454291882345
CA85472N1096,0.5498805243036475,0.5909660560010854,0.6691129162818221,0.6022770193967908,0.6168236693062212
CA87971M1032,0.7489366108410445,0.680908363439392,0.656882960308991,0.6550844173065506,0.653875528598924
CA8849031056,price not available,price not available,price not available,price not available,price not available
CA8283361076,price not available,price not available,price not available,price not available,price not available
CA92938W2022,0.8796219602450028,0.8233674217332787,0.99594146021873,0.999216814407955,0.9765083283044929
CL0000000035,-0.4384879825890198,-0.45118788143971855,-0.4907496716742843,-0.4898996406352496,-0.5196327116061661
CLP9796J1008,-0.8852875447667219,-0.8756242361773192,-0.8664882692085096,-0.894146579042665,-0.9079857161125582
CLP1744K1070,-1.7772072513964843,-1.6916942022838666,-1.5895324214438733,-1.44852106600325,-1.7149735157525714
COF11PA00014,no data on time period,no data on time period,no data on time period,no data on time period,no data on time period
DK0010181759,0.19826944263512392,0.22104468244226183,no data for regression,no data for regression,no data for regression
DK0060227585,-0.21575432047499232,-0.21329604464793706,-0.2485497482594634,-0.31318712920068714,-0.2959398605000385
DK0060448595,1.4185073668253834,1.2695300137077092,1.3173124331286923,1.2737473481227335,1.2462038220383498
DK0010234467,1.6414606725388081,1.4725310700694827,1.4829638943821166,1.6091527431340902,1.5397671434390192
DK0015202451,-2.23197960378404,-1.896088378813876,-2.0973806597073152,-2.2428733117167643,-2.2908916868898177
DK0010287234,7.468938965350835,7.6571842816887115,7.825183005004444,7.712558279537585,7.7538700563031915
DK0060907293,4.310353614521323,3.6554065225036014,3.314945623676313,3.4261723221722606,3.69942905911973
DK0060534915,price not available,price not available,price not available,price not available,price not available
DK0060336014,3.8839451389448776,3.6972295544084544,3.7834587254739427,3.7668170040950466,3.7650546538865903
DK0060094928,1.4015158887091705,1.2535947481136955,1.1885991074838675,1.1712571149785522,1.0914544124065895
DK0060252690,-0.8630586121133543,-1.0985060362480592,-0.8745152617047669,-0.8769434861421788,-0.8224664734936216
DK0010219153,-1.4011786557304506,-1.431139038468332,-1.7834654675146777,-1.8607102635954553,-1.848707586598397
DK0060228559,no data on time period,no data on time period,no data on time period,no data on time period,no data on time period
DK0010268606,price not available,price not available,price not available,price not available,price not available
DK0061278355,-2.1427529629936326,-1.9106985999102322,-1.913784820964659,-1.81646149636,-1.838138044234272
ES0125220311,-0.8909014722746966,-0.8166283655619444,-0.8391029007265627,-0.8804264732033995,-0.9247941913875235
ES0105022000,1.2952655454675055,1.2611371093118828,1.2801074690373726,1.2701244377966825,1.3158831498375934
ES0105066007,1.413061505527291,1.7873987630580235,1.5377271309978235,1.5209685269185647,1.4875255898352036
ES0118900010,price not available,price not available,price not available,price not available,price not available
ES0105223004,0.9547479821032656,1.2931393917125833,1.2038607334573292,1.2850014928875275,1.2639649058894697
ES0105293007,0.21836338690520707,-0.5464904238296708,-0.6546104553704968,-0.5575179531823071,-0.43384055834641
ES0129743318,1.1657887620107443,0.9323895698330587,0.9779612636085178,1.0222033045323542,1.1005091465789096
ES0144580Y14,0.5871221449004982,0.39987048207825726,0.47432574234616,0.4429788136882884,0.45072604574232233
ES0148396007,0.49339683765267095,0.44723525082280835,0.9016551233672732,0.8489990574583106,0.8625249511818533
ES0118594417,1.649054867898192,1.6064450322219148,1.2454942230615274,1.2911962513606046,1.383460260614977
ES0139140174,1.699390718597149,1.6390726039610115,1.758414200295788,1.75925734051956,1.716543339587373
ES0105027009,1.4919180710071922,1.4423854699987637,1.3198415924502882,1.3643671067241403,1.3723644665181722
ES0176252718,1.5470310247123198,1.5606718072015524,1.3794644695803049,1.4626642848160398,1.3975266678174614
ES0161560018,0.19247170026862603,0.20321741432918206,0.17498467079737345,0.18573193470099447,0.28972038172540016
ES0173093115,price not available,price not available,price not available,price not available,price not available
ES0182870214,0.8690198139000516,0.8443397952390908,0.8701093769260315,0.8916493056373764,1.1056020192577676
ES0143416115,-1.710280502893935,-1.4341600977275548,-1.6352438329810037,-1.6327582300528776,-1.5076502619968513
ES0178430E18,1.3473798533639725,0.8152627927524358,0.8153092441747001,0.7884158642549766,0.8737344950108472
ES0124254311,price not available,price not available,price not available,price not available,price not available
ES0132945017,-0.6643334775334298,-0.7998497037878582,-0.9368053042677627,-0.8248688923469416,-0.7050186941818248
ES0183746314,-0.46412636020172204,-0.40406110808114404,-0.5979984064543142,-0.6332972565875394,-0.7384462825047455
FI0009013114,-1.2218443853350247,-1.1003511243779074,-0.9725171220050788,-1.0730176386191115,-0.9918006789821243
FI0009013429,-1.8796436713672482,-1.5205304794203012,-1.097169234948503,-1.140846107115956,-1.2127045174082474
FI4000369947,-1.0560151745301893,-0.9797673828239595,-0.5503103388971087,-0.44331697557991045,-0.41890926930449046
FI0009007884,-0.3635990944781953,-0.2430599090257779,-0.15211617597938876,-0.2943060423784116,-0.359972662609076
FI0009000400,0.9589788845166924,0.42762288990130237,0.09039636335423928,0.08789996186213678,0.12545653842996884
FI0009000459,-0.09314944884121212,-0.2886209686469021,-0.21894006564898705,-0.08492541048257252,-0.15297036488511884
FI0009000202,0.9449056693485391,0.688010613854384,0.27847990980458537,0.21043971243697168,0.17073721827997046
FI0009013403,-0.9541178650365634,-1.046678460144057,-1.204412407297184,-1.0587838953062478,-1.0634610476637496
FI0009005870,-4.004955004113864,-4.111093117647291,-4.18084677458549,-4.097097922176463,-4.136368763459675
FI0009010854,-1.245478608531947,-1.5501659228650655,-1.8213373831109325,-1.746423456687074,-1.6311359046315421
FI0009000665,-0.6254540441964052,-0.5198690393863226,-0.28497579609705337,-0.23868283678618596,-0.18360119077533987
FI0009007835,price not available,price not available,price not available,price not available,price not available
FI0009000681,-0.5260997119267863,-0.3753721424780254,-0.25208277603609996,-0.36187973420729325,-0.5452159548375191
FI0009005318,-1.0393384195321875,-1.222294131068291,-1.275508461192465,-1.228840741456838,-1.2344991890613333
FI0009002422,-0.3452959741992889,-0.15701659854459038,-0.19933314523561396,-0.2418791852433544,-0.2447387145462665
FI0009013924,price not available,price not available,price not available,price not available,price not available
FI0009006829,no data on time period,no data on time period,no data on time period,no data on time period,no data on time period
FI0009005961,-0.29776522825939455,-0.4599138480893217,-0.3006449725682758,-0.363702682066136,-0.4339843343947658
FI0009000277,-3.707000981434061,-3.768148964811713,-3.781407258649072,-3.671065579612409,-3.6980641075135656
FI4000197934,-1.629540263721041,-1.7076992999046858,-1.571856337538735,-1.6692950813540053,-1.6120747555579795
FI0009005987,-0.028442179030818693,-0.018539628607650016,-0.42495342659900626,-0.5624984064989125,-0.528452798971113
FI0009002158,2.6644826492594698,2.465912369240608,2.4788609918244164,2.419731458013641,2.31763596623884
FI4000074984,-0.5997228123218346,-0.8877928244822253,-0.9111927661421881,-0.9819548327958283,-0.9246630010290136
GRS260333000,1.8455017063210954,1.7139075125783831,1.780830811997669,1.7458365816435117,1.714690044518652
HU0000073507,0.06645210406053259,0.16461349414862436,0.20590244403924096,0.15510598451897728,0.15448734598095815
IE00B4BNMY34,-0.6181994313065542,-0.7161086003455219,-0.7544551842880609,-0.6989669789935427,-0.727567407623475
IE00BD845X29,-1.678690181947018,-1.5786740233289187,-1.5024508861449237,-1.4688221290729442,-1.4368602623914373
IE00BD1RP616,2.057314271070776,1.9939369378481286,2.059733133090713,1.913906162155965,1.8637786897004016
IE0001827041,-1.3030035479036362,-0.33704372747231925,0.6793942399887842,1.1137794081736097,1.2897795666694911
IE00B8KQN827,-1.7650354573705895,-1.5725464727893934,-1.5964052826829667,-1.5631715390355794,-1.5208117115373065
IE0003295239,no data on time period,no data on time period,no data on time period,no data on time period,no data on time period
IE0000669501,-0.7423146156777083,-0.9603628803393827,-1.105403697579077,-0.9580314477468654,-1.0083239570922053
IE0003864109,-0.9034358327335901,-0.38106100166815926,-0.5880058135068755,-0.6495582982602888,-0.6498039100350073
IE00BY7QL619,-0.7464332999790213,-0.5316826492790638,-0.5235665838910442,-0.6044781458631632,-0.5276514672440169
IE0004906560,2.4595753820777166,2.388335938951136,2.19866550365716,2.183654952256764,2.226278658481773
IE0004927939,-1.5275254323113607,-1.7792797756523981,-1.4055928640842597,-1.3528820698052835,-1.3944212479933826
IE00B58JVZ52,price not available,price not available,price not available,price not available,price not available
IE00B1RR8406,-0.8267481258094178,-0.625706319316599,-0.6580330772989473,-0.7793042331764921,-0.8255799823388421
IS0000000388,-0.6915052943279987,-0.22888097777848948,-0.33555263322571083,-0.254029767928321,-0.26040937376570206
JP3122400009,-1.3782843376988096,-1.53660059434102,-1.529631959511768,-1.5109966731166713,-1.563495436414164
JP3388200002,0.44011222272372086,0.5537141939026546,0.5714514547186966,0.4775456866087602,0.42081237068659627
JP3119600009,1.188937418172431,1.200058549117211,1.2823592320674315,1.2164632517340124,1.2492557271796656
JP3429800000,0.12227105189877019,0.0846985647191989,0.06408003226232584,0.020188297673584543,-0.0228280993452179
JP3128800004,0.3918863617585755,0.3706249447245069,0.3796461695668496,0.3781963443167502,0.16080185058713337
JP3116000005,0.5024808026916849,0.5555402149991617,0.5128261637935561,0.5151090935435421,0.4291183453407732
JP3118000003,-1.7454350506479477,-1.839135193161412,-1.8919223389474826,-1.906347221090221,-2.0282610956147584
JP3119920001,0.8725309029175565,0.7345711994713011,0.8091951290861155,0.7040221686871573,0.7463004009112484
JP3942400007,0.661929425461405,0.4523067311344553,0.41133566468620764,0.3660621987605195,0.4139678156626081
JP3937200008,2.2513246476552506,2.195777539598698,2.3089931139487874,2.110537965098136,2.028199334712366
JP3835620000,0.4580509730287452,0.24771111949130065,0.3601799842782749,0.31657762784581545,0.3553136606278984
JP3830000000,-0.4373260769913845,-0.44619890597689116,-0.39236939413810346,-0.41225097749156836,-0.37587140061808855
JP3209000003,1.671753581294222,1.644560667416084,1.582809240192451,1.5862970568698564,1.5722636251893518
JP3519400000,-1.4135355154619833,-2.067179402124686,-2.121889379277908,-1.9671062827893881,-2.238242280995717
JP3305500005,2.0882305637228926,1.7695652300772746,1.586129285898441,1.5542589408224172,1.4894683760129368
JP3493800001,2.618454300985529,2.7131704787388244,2.874513426606029,2.9509688612865848,2.886625289721567
JP3475350009,-0.8011597411975213,-0.5782567713538578,-0.4878875448896869,-0.41187100509230135,-0.48544290308438764
JP3485600005,-0.16989523522005223,-0.4379184888081533,-0.3734666742969961,-0.38546199467232034,-0.365353922620304
JP3486800000,-0.10446837347030113,-0.16819101658358537,-0.2067260960366024,-0.22039905154211947,-0.2172284257048296
JP3505000004,-1.2595589663301765,-1.3502962711326116,-1.2436312836022645,-1.2991774386694965,-1.2973767755227739
JP3046390005,0.03880463337599949,-0.08594258274619015,0.007519749397144615,-0.024989263317976018,-0.03849979342380738
JP3551520004,0.13962631095119082,0.04145309772346506,-0.09729057951152198,-0.15912726571575275,-0.19758590547207522
JP3924800000,-0.4519536690656967,-0.3990373422445681,-0.39803738398030974,-0.49204846901922394,-0.5054836458926681
JP3160400002,-0.5965218066850131,-0.853162773058469,-1.0548368733157454,-1.19252723924963,-1.277630976168842
JP3651080008,1.322679655629977,1.3790263377296386,1.474112591449872,1.4893457287542322,1.5224476638490803
JP3802600001,-2.5594300861189745,-2.3406374380119943,-2.518211319417951,-2.319495564527274,-2.1530703483089275
JP3802400006,-0.3603363201353016,-0.37220920185623285,-0.16356545747420181,-0.22418384513951395,-0.17905694086632895
JP3802300008,1.675017648994892,1.5615843796306206,1.5669494931423444,1.4541489527059692,1.3649589608041413
JP3816400000,1.1882710273929398,1.4351997012447715,1.4690850124182253,1.5078755846803515,1.5196836141653014
JP3814000000,-0.29381545394687736,-0.12097939447359707,-0.14084412134592883,-0.18004234977875289,-0.10361272078217576
JP3818000006,0.947879177367239,0.7529404439018172,0.8553307693029533,0.7946115773957985,0.7193037837950556
JP3827200001,-0.38093376618160146,-0.3420309092271756,-0.3161447230852321,-0.26547349437240353,-0.2142574815840126
JP3771800004,-0.5879711236451701,-0.5055978638258796,-0.7022297045174986,-0.8437044264465454,-0.7700588226849381
JP3768600003,0.014279692450980264,0.08155218088929939,0.1301271903653589,0.13034557413378334,0.13315981410220168
JP3767810009,1.4937011220231167,1.5914700802476478,1.6247549810672446,1.7307059579956041,1.6819967082294607
JP3787000003,-2.2130861037604532,-2.2754472719933028,-2.287482636673077,-2.256087798480033,-2.22996025578045
JP3788600009,-1.0425269218887423,-0.976030416708118,-1.0791644393768673,-1.0163294583651727,-1.0066954186722765
JP3360800001,0.5255182302864814,0.7311184529315229,0.7801355645714603,0.7149850892581355,0.5848025885747177
JP3386380004,0.43063456316798643,0.1997923749568642,0.017154471885127975,-0.014531569632980634,0.020331822758179463
JP3027680002,-0.5054886643234946,-0.21232968990132495,-0.17341999026521115,-0.13213853907378947,-0.15013845005455995
JP3726800000,-0.599643981849185,-0.6690831588075152,-0.647751724839507,-0.6762801312601763,-0.6232242728939741
JP90B0055YF6,price not available,price not available,price not available,price not available,price not available
JP3208200000,0.22420555512687734,0.16546476398686671,0.1680855483676913,0.2295131142705742,0.242541671262142
JP3205800000,1.3932597946903824,1.1955550155227312,1.1563464084594521,1.1346849486503663,1.1346367291244164
JP3223800008,0.26113785942469825,0.5986041833538014,0.4333752971179772,0.5825044666268209,0.5173087525169873
JP3496400007,-0.9298468467660581,-0.717613377432047,-0.7298930111735769,-0.6401805409691708,-0.6538860679403125
JP3258000003,-0.35535888319419007,-0.3467489438177096,-0.2697297755075545,-0.19422839766559674,-0.1899931859263959
JP3301100008,0.1668999063471066,0.15273482183404408,0.13534137991026984,0.03209584289098899,0.0020913222218865712
JP3293800003,price not available,price not available,price not available,price not available,price not available
JP3304200003,-1.324684198936188,-1.4644425685305107,-1.4485071084179624,-1.3405071100879518,-1.2141073699987404
JP3300600008,0.22374525462290906,-0.0851558311917966,-0.048171235760685605,0.06761331580797947,0.08822814235140974
JP3283650004,1.0277998364372598,0.78825227423025,0.7095965074592758,0.8376741122246623,0.790656869812123
JP3292000001,-0.8734354847861114,-0.885064699287863,-1.356341134190464,-1.661614683653545,-1.6958874311468919
JP3266800006,0.9185911852662709,1.0455012718764367,0.718545845435048,0.7642082422438579,0.6127848495254273
JP3249600002,1.2228251250472333,1.467656212831403,1.4507224451884682,1.423516520951762,1.425242193862175
JP3256900006,-1.3466688261224546,-1.503611237567648,-1.452832496967127,-1.4611860102278995,-1.3584962413130675
JP3965400009,1.1850285881050082,0.8632783807903222,0.9899233579333533,1.0129415384927842,0.9430637187915591
JP3626800001,0.31690082825945876,0.24220195629430785,0.284148976706744,0.26869424697799627,0.226012079545157
JP3861200008,1.1699485082549588,1.3900461183971702,1.285141431627146,1.2567101192557217,1.2233891249028517
JP3342000001,0.29428817897232395,0.6395378054046885,0.7040317268438345,0.6957998573225987,0.6645632425380299
JP3870400003,-1.7009876702006377,-1.7618849046786234,-1.8073537762659964,-1.7787989012880479,-1.8085570604019496
JP3919800007,1.3859199324137705,1.101173798997035,1.1610424970903033,1.1574728683828361,1.1645886415067697
JP3918000005,-0.7244893418988929,-0.6912666011053781,-0.6598921582941619,-0.6432301329415635,-0.6428930554279844
JP3902400005,0.8686927851867976,0.7202246025468373,0.7763626836137627,0.7823098085918856,0.783571798974414
JP3899600005,-0.13402145932470688,-0.16924428489952792,-0.1767896085395071,-0.07117912940950433,-0.06717112211804821
JP3893200000,1.012299982077225,0.8934314668250343,0.8277057893905537,0.8631142335265407,0.9013734017597752
JP3914400001,-0.623110676510441,-0.4879758576961657,-0.5544318244451785,-0.5314660988894548,-0.49354622557821193
JP3651210001,-0.06506872304210543,0.17906312200297592,0.13817594071994233,0.08064402409364568,0.048012828721466505
JP3733000008,0.2897046310002205,0.2444321836701624,0.5144525476104223,0.5300050532232037,0.4364587139493059
JP3738600000,0.9340509283272569,1.1098678768502568,1.138154439099659,1.1053097207747165,1.0976915574585577
JP3657400002,-0.23596283539424334,-0.3659064612864249,-0.23099416407874607,-0.07459915291307961,-0.042423964741011844
JP3686800008,1.4557661114147469,1.7314691358666146,1.5716873451245394,1.5629611343523475,1.5673316667440207
JP3753000003,1.013182365219123,1.2699706805459732,1.0455365337281308,1.0236278915921715,1.0284913334937085
JP3659200004,-0.9040355001889933,-0.610814552179606,-0.544989968783649,-0.461214989388703,-0.4091937982677929
JP3672400003,0.8577880984678599,1.0236631765751403,0.9817781456423758,0.836519704590688,0.931274788859171
JP3677600003,-0.12681719080922527,0.02590315642219121,-0.08239248459100956,-0.05069412058156253,-0.015705208963257
JP3762900003,0.9719896945777684,0.9580251653127148,0.9791860847222389,1.3007412994572976,1.2561334027911486
JP3762800005,-1.2203346529134684,-1.4487697960409829,-1.5699361164122294,-1.5665187503104971,-1.4282050621951314
JP3165700000,-2.1401525264296284,-1.2149254237667884,-1.2486232706904077,-1.2933800933612405,-1.3819876162346478
JP316565ADB7,price not available,price not available,price not available,price not available,price not available
JP3165650007,price not available,price not available,price not available,price not available,price not available
JP3190000004,-0.9747609817175151,-0.9343417165239787,-0.987924536632312,-0.9945364249461242,-1.038026804754677
JP3192400004,-0.05928535318868722,-0.1811838399513377,-0.048719949412179275,0.06972791087000996,0.1517467112122084
JP3197800000,-0.6059618637844988,-0.2122950313582339,-0.4142129462940014,-0.5461340423502881,-0.6138551190739916
JP3197600004,-1.3349649251060414,-1.3413114531311998,-1.504264263120414,-1.4050527694486559,-1.4620879555347854
JP3866800000,0.48964668176343373,0.567462855837686,0.458762361687004,0.5356305294006436,0.660785843571432
JP3855900001,2.243763085773831,2.452248681284286,2.676926191394946,2.5552993213413533,2.606140692633385
JP3164720009,1.0888967165746166,0.8038389232781329,0.8453489323247299,0.7851773756496927,0.7496956985208136
JP3973400009,-0.7449458044778257,-0.8885931636309574,-0.7102692860115445,-0.8365741580639852,-1.0989617586058653
JP3982800009,-0.9100444900653426,-0.6349922033396349,-0.76342416465085,-0.700510730400894,-0.6603539897296007
JP3336000009,-0.09743799712065293,0.15582084003304963,0.32078013852097076,0.5746866544298901,0.4431338645773053
JP3494600004,-3.852337825399399,-4.320029377061729,-4.501980858055732,-4.865680692442598,-4.705829422608887
JP3400400002,1.2487664064229742,1.06589184416912,1.198797749099989,1.1960181026405614,1.1992782768295962
JP3421800008,0.19577731661696296,0.15300837543976709,0.08836243002394717,0.05380214409073103,0.013302127602565772
JP3414750004,-0.20684239442462227,-0.015888836303712406,-0.497605888133934,-0.8971973022017243,-1.2166146749305384
JP3419400001,1.3389000199687695,1.4710788275130282,1.4683634250789446,1.4087857380138402,1.3546661108977398
JP3420600003,-0.03925968049971473,0.19004398912375597,0.078324651816708,0.25240098017782486,0.24403641915702323
JP3359600008,-0.9359182855396608,-0.6948193697044469,-0.6956182676960521,-0.5863698443915433,-0.5789579727504712
JP3357200009,-0.5517432030376357,-0.7645700731480631,-0.9048612899874353,-0.7671527317862581,-0.8362107464029434
JP3358800005,-0.810441049113686,-0.8161113293335132,-0.8245631762459071,-0.7555533324031027,-0.7124546776655749
JP3347200002,1.3850860269537635,1.269606190656536,1.2280296994860551,1.3193970767327978,1.273857102576914
JP3351600006,0.5746987685742888,0.7895961244358984,0.4424053827878027,0.27057230098951335,0.06798462827927176
JP3732000009,0.41705921238026633,0.360601935315219,0.33201899031254367,0.4485636248495295,0.42262025140422654
JP3435000009,0.7539789024686661,0.6586462416905969,0.6907563471009959,0.6943589273336048,0.5968367388759499
JP3401400001,-0.6215077292013649,-0.17041735658283041,-0.1351903253702047,-0.43663779748006615,-0.5767574590776592
JP3407400005,0.9034345267055821,0.7535865044552503,0.7571141693253569,0.8343416538427073,0.8202336334220517
JP3409800004,0.8948366659054408,0.9220621251269545,0.9897526834615089,0.9622005098685271,0.926023042502977
JP3336560002,-0.34880374217095556,-0.41918290201357067,-0.5351539719681719,-0.5921183355702353,-0.4661956410862311
JP333657BA71,price not available,price not available,price not available,price not available,price not available
JP3443600006,0.3316532894678703,0.42287689388016414,0.6426500146089476,0.5652250495829181,0.5239926121695104
JP3454400007,0.5168420198240931,0.6615259357841019,0.6417228202193925,0.5529013478515865,0.530472916436342
JP3455200000,1.0600076123946645,1.1956920145364869,1.2241736537599301,1.5161697584947786,1.3707230277802296
JP3463000004,0.48913843293267867,0.5083160506402118,0.3921522529919397,0.4441794797942267,0.528541942088645
JP3544000007,0.7894829309854856,0.8139986518387432,0.6467061808975494,0.6101452390273487,0.6116619748542718
JP3546800008,0.18536531990017702,0.17581913146992312,0.23646695346365432,0.1890727603185427,0.2538861589537311
JP3104890003,0.4563558410356494,0.38864942905370015,0.44223538663266115,0.5741116117260026,0.5986892118591047
JP3556000002,-0.4823911264283276,-0.534018584112872,-0.47367183719345674,-0.5482650789437549,-0.5302296480145352
JP3629800008,-0.8772314675057791,-0.787720191506569,-0.7876407440336464,-0.7550878911196213,-0.7458226059474216
JP3627000007,-0.8371992611555634,-0.8336634921132458,-0.6677820566776238,-0.6365751287068511,-0.5875812535999336
JP3582600007,0.8122387808043641,0.7713812636428674,0.7218329840855908,0.7336837630870452,0.740912976629371
JP3567410000,-0.44591385867501776,-0.4789814218445376,-0.49273701223903066,-0.5596061237495564,-0.5568649468247089
JP3569200003,-0.8339918625881348,-0.8644342335314747,-0.8208712909972493,-0.7829805943246115,-0.6801126593444784
JP3629000005,-1.0801316264937189,-0.9973368729679244,-1.0329891476651532,-1.110519646237329,-1.0638877657403345
JP3592200004,1.5047935451864447,1.9647237455505007,1.8788100548792097,2.127052353693326,2.1019184463556773
JP3596200000,-1.0308953806311472,-0.9164365820160114,-1.1691750784714294,-1.1842348415407766,-1.3023457533036575
JP3951600000,0.8902823462183296,0.9751630245752319,0.9216656821303237,0.998671016745889,1.0454030238781664
JP3156400008,0.5227514407861733,0.34079301076137547,0.4742350583860411,0.5485093100393357,0.549556709728849
JP3942600002,-1.5679912255839312,-1.4522732582225362,-1.4798053031914726,-1.4852959535108123,-1.5304109099278929
JP3936800006,0.6536913674321188,0.6296408381554652,0.5983624692880385,0.5347692476688648,0.49379220815857217
JP3931650000,-0.9197906469792572,-0.8011110382178832,-0.8321036308360674,-0.9123526816620875,-0.8825712933588359
LT0000115768,0.3814241361258186,0.13311419110839662,0.08911300898493124,0.12224910912276288,0.11106667587370556
LU2369833749,-2.4206719736826754,-1.9486870069130746,-1.9518279547141582,-1.9624308258330614,-1.9473468408958028
LU1072616219,-0.9854733303021224,-0.844702639760786,-0.9112256593751034,-0.9852145238913423,-1.0615628807751576
LU0253815640,no data on time period,no data on time period,no data on time period,no data on time period,no data on time period
LU0251710041,-0.019099716551207457,-0.4106274624407158,-0.39806135549809163,-0.32775150932593533,-0.21431849527924207
LU0501835309,-0.6867847036092334,-0.8836040841226578,-0.8382632191038297,-0.7777156210658442,-0.8582477188814885
MXP001691213,0.48840673087990893,0.7025542705881183,0.8649072528067681,0.9954850632386991,1.20891473006699
MXP225611567,0.5227985723115003,0.9373008739901989,1.130136516663971,1.1924042676190738,1.1845700389900626
MXP495211262,3.148177483971093,3.274775741195124,3.3412115219157323,3.38641227188452,3.404373292544838
MX01NE000001,1.9890401512403177,1.7458635872776962,1.397840681905227,0.9460798574263185,0.9799010366905447
NO0003573016,price not available,price not available,price not available,price not available,price not available
NO0010895378,price not available,price not available,price not available,price not available,price not available
NO0004822503,-0.6134435753832657,-0.7058986916096854,-0.8075410208022493,-0.7576315561871882,-0.7379625434141723
NO0010657505,0.2301335054728071,0.18117873495911985,0.2068890881196217,0.1440051364841599,0.18125715134756915
NO0010003882,no data on time period,no data on time period,no data on time period,no data on time period,no data on time period
NO0011002586,4.439896238687158,4.085396770225791,3.87537149988455,3.75346337189294,no data for regression
NO0010365521,-3.3621163428791623,-3.2483265150460627,-3.410488000779066,-3.5455786556793822,-3.463061751377705
NO0003096208,-0.6810699340649817,-0.6130993607800894,-0.5223008400540019,-0.4105434403889774,-0.38247240535240756
NO0003054108,-0.19167787918128454,0.1260870939685077,0.09803631442319993,0.22614141438552782,0.27095147694488064
NO0003733800,0.47172324249560305,0.6947667890889297,0.7893348870996353,0.7412955990332648,0.7500931613285466
NO0010745532,price not available,price not available,price not available,price not available,price not available
NO0010310956,-0.042258715224285925,-0.22465375975769808,-0.1971773712647784,-0.16866811608468035,-0.17019701092476636
NO0010063308,-0.006152667815317869,0.05927744031908322,0.10140230063082623,0.09195658114551364,0.06062693090032045
NO0005806802,1.7158119042308684,1.819630647239534,1.78067256058565,1.6888981478466625,1.694464820494035
NL0000009132,price not available,price not available,price not available,price not available,price not available
NL0006237562,0.004020821497685567,0.010095214975036626,-0.11230469895315842,-0.0860359779769837,-0.02310150759319285
NL0010273215,-3.195162629836157,-3.156091795373983,-3.54272309820165,-3.4748320836072377,-3.3001155718584196
NL0013995087,0.7201092818032939,0.567526522690387,0.4675919552169727,0.41462380308687763,0.4754117527529189
NL0010583399,3.2051528575554045,3.6063451009644476,3.752351944072141,3.7535569130144886,3.740992315174174
NL0000009165,-0.47517285436387,-0.6824796986201309,-0.7202531752098618,-0.6753503825247864,-0.7476027884072534
NL0014332678,-0.5545189672878426,-0.32201477709258297,-0.2997366170804816,-0.3202009622783386,-0.35229073844279535
NL0011794037,-1.144466794750465,-0.8306790354121407,-0.6315180850169577,-0.543270979205579,-0.5825320314285842
NL0000009082,-0.26885033931877134,-0.29835294225392106,-0.2432444463608019,-0.22427958326131092,-0.2644277056519706
NL0010395208,no data on time period,no data on time period,no data on time period,no data on time period,no data on time period
NL0009739416,-3.00888799003598,-3.5171019852957675,-3.3435322943057844,-3.3597232061222893,-3.440015621921222
NL0000337319,-1.1892854621228244,-1.1971479085426617,-1.237043935036386,-1.08002560076349,-0.9627204378697574
NL0000009827,-0.000988880276575621,0.3600687058592955,0.32635943213212837,0.3412350126785535,0.3256117359605293
NL0000009538,1.8594383442649742,1.7951302411927883,1.8378776806247887,1.830919757225502,1.7611577465418415
NL0011821392,-1.1746788290897037,-1.1563190183676908,-1.1299730500094474,-1.0371999799659637,-1.0907375438786837
NL0000226223,0.05384349887623818,-0.1076735840431775,-0.14577416289779377,0.00485265256261469,-0.005835320229130581
NL0000289213,-0.7502492198302013,-0.22090573228799038,-0.15703737881085367,0.16755126495382466,0.2711924349723338
PTALT0AE0002,-0.21389962679012609,-0.6143248441306759,-0.49893437246714134,-0.4522248066470502,-0.4476947993770408
PTCTT0AM0001,-0.6010666373205131,-0.6257068211052208,-0.7040147362933791,-0.6253300666278827,-0.6461800490678349
PTEDP0AM0009,0.9082589358873738,1.0670890571313763,1.053507701367895,0.9937343720397562,1.0205453710078638
PTZON0AM0006,-0.24959342299041287,-0.2111945633125778,-0.20019386607781353,-0.17416236911651506,-0.21707747668494592
SE0005999836,0.8544017359122691,1.039072187663992,0.9680389046181181,0.9773777485453605,0.9344752510567877
SE0007100581,0.5373988240397143,0.7683731958211482,0.7505651645403288,0.7559140017307175,0.747527551701066
SE0000101032,price not available,price not available,price not available,price not available,price not available
SE0014186532,price not available,price not available,price not available,price not available,price not available
SE0000862997,0.6648661404357492,0.557319513727994,0.9168792688780791,0.8385834535572512,0.888545777954397
SE0017769995,0.1826390943573175,0.11687986172801423,-0.3051473363030466,-0.2611395688159712,-0.33405789992384527
SE0008091581,-1.4455524750188076,-1.5409535405805141,-1.5501140940297642,-1.6251854880924843,-1.7008698177791715
SE0003849223,1.6972749858357505,1.4032711841046819,1.3630817181763843,1.3624435209233843,1.2973576536843279
SE0000379190,-1.6465449756476236,-1.9082842110027531,-1.8343899250987894,-1.8464195417582374,-1.7961691348588493
SE0001664707,-0.9512653765643586,-0.9736408272174701,-0.7234576644641555,-0.7512144166517354,-0.8193631188059269
SE0002626861,0.8419024056500746,0.6521940540192506,0.645372100883812,0.6491370747948921,0.5799299446947459
SE0007158829,-2.2991286209285255,-2.010276480533646,-2.050004638357228,-2.0912475790104246,-2.2548870835398693
SE0001634262,1.5295774854096833,1.2562463813474034,1.0801027973843746,1.1634323865353347,1.1931623325924345
SE0000103814,price not available,price not available,price not available,price not available,price not available
SE0011166933,price not available,price not available,price not available,price not available,price not available
SE0012853455,-2.029725281017447,-1.4541631567534963,-1.7218873341284024,-1.8874128750629215,-1.9174917239853317
SE0000108656,1.9754715719875193,1.91421470496429,2.053096749356431,2.058225343753195,2.0937135932735718
SE0009922164,1.1810753800526985,1.4303635163123385,1.4462663722318303,1.415630695008252,1.4399228954064536
SE0011166974,-2.802512614854502,-2.97031108425746,-3.014958522519773,-2.98328885860194,-2.8129142355709957
SE0000106270,-0.5663247562671891,-0.6155241509374187,-0.3635982898440582,-0.5063403341770245,-0.5322594665218006
SE0015949037,0.19184409536485703,0.28124682093172426,0.26784857307102783,0.19388196216582054,0.17316943823544317
SE0011090018,4.26150035585704,4.431126680364228,4.514263170042998,4.4339131150483935,4.5330632252460035
SE0000170375,-1.2722861570363508,-1.1634239108466504,-1.274081468939181,-1.1909147579941104,-1.1918595351878336
SE0001662230,-0.18057407242355605,0.7483821854071815,0.7652275838322398,0.883121951630983,0.8636473092472174
SE0000652216,-0.48697085671899343,-0.47787344410842314,-0.45168740988952294,-0.4834233491919915,-0.4708780028240156
SE0010520254,2.78725247526177,2.0316395316956726,2.1325755621916964,2.0898169911374165,2.0106323401895
SE0000421273,-0.5820720705500548,-0.25912905255336405,-0.1695065776099014,-0.274208175332058,-0.20642542923152707
SE0000549412,0.639113352324916,0.8328627279126533,0.7825519148403792,0.7408201450354035,0.7836615563231231
SE0000565210,-2.397951679575794,-2.6760308936975896,-2.632025540319294,-2.7430356339885664,-2.8398630701538696
SE0012454841,price not available,price not available,price not available,price not available,price not available
SE0009216278,11.385604878759114,11.190686882318278,11.333133063033818,11.233802674025329,11.257424246143
SE0000949331,-0.07871348821042456,-0.1333546614598946,-0.19433355611824243,-0.25839349089200603,0.058839049964753976
SE0001174889,no data on time period,no data on time period,no data on time period,no data on time period,no data on time period
SE0007756895,price not available,price not available,price not available,price not available,price not available
SE0004977692,-3.482312767425777,-3.3013533685415375,-3.4062122193226685,-3.5181448827282025,-3.595519456193841
SE0001857533,no data on time period,no data on time period,no data on time period,no data on time period,no data on time period
SE0015659834,-6.035142178393372,-6.230352590556121,-6.284820915200218,-6.73594331067463,no data for regression
SE0003175660,0.03771845182114486,-0.41379548827873425,-0.47813718102023284,-0.6019452022736349,-0.6567058195109499
SE0000308280,no data on time period,no data on time period,no data on time period,no data on time period,no data on time period
SE0000113250,1.0934121038765232,0.9009606441826801,0.950942106367636,0.8793933413742128,0.8729266626439802
SE0011413889,price not available,price not available,price not available,price not available,price not available
SE0000120669,-0.6672853576958238,-0.7679905869915071,-0.5430121786339726,-0.497727542130999,-0.5857233228837355
SE0000310336,price not available,price not available,price not available,price not available,price not available
SE0005190238,-0.23186447198852989,0.015928413270560604,-0.02230572390261587,-0.06635420236463796,-0.03822928073896614
SE0000667925,0.4735726050715816,0.25161756927274403,0.2316587809329973,0.4650639063890849,0.4552082664628032
SE0006422390,0.6662155311566442,0.7947261309891873,0.7630813187603946,0.7424200635721023,0.646485835093169
SE0006758587,-4.692283843550049,-4.579065651934622,-4.358168328681233,-4.818501659620167,-4.723105713635634
SE0016844831,no data for regression,no data for regression,no data for regression,no data for regression,no data for regression
SE0017780133,1.221627003876291,1.6532084294008875,1.5077191043940896,1.6120977878169684,1.6401340977987622
SE0011205194,price not available,price not available,price not available,price not available,price not available
CH0012221716,0.17696732894816325,0.18156436647447372,0.11169352420665746,0.16327220194962688,0.09877406819953638
CH0009002962,0.05486846947611035,0.0977563394598091,0.06595657130532562,0.04154466499455278,0.08109868019925415
CH0012142631,1.1100196430447795,1.1777527916199126,1.1588443149819216,1.117449767062606,1.2450444985521503
CH0198251305,0.427662522309058,0.4937655673158625,0.5076244908073013,0.48130216171071716,0.5726258230078995
CH0210483332,-0.2310912581636959,-0.5062583964763001,-0.5682597386060251,-0.5790829913563056,-0.6165956682257057
CH0011795959,0.17211154614802382,-0.0788435858915637,-0.16802603290848594,-0.07117482060801095,-0.0758370068143055
CH0002168083,price not available,price not available,price not available,price not available,price not available
CH0012829898,0.2295710265982187,0.3135596212741065,0.2821529444690496,0.28916261960072465,0.15593180556325859
CH0001752309,price not available,price not available,price not available,price not available,price not available
CH0010645932,-0.14826835762209445,-0.17940748852458555,-0.2238255997493721,-0.2263683354981283,-0.19905219150853082
CH0012214059,1.8349473937137373,1.6725613235997194,1.7166870643693932,1.8820993314186962,1.8726856781874912
CH0030380734,-0.1365834973511837,-0.27196403556429827,-0.38448526760125334,-0.4658352370028984,-0.4096002306391511
CH0025238863,-1.6942126268087887,-1.6996991558003827,-1.586204167939742,-1.4345714107482865,-1.4400310450204734
CH0038863350,-0.2259878099985846,-0.2929608253325555,-0.35061931648253664,-0.4008755030440514,-0.40364079997091684
CH0012005267,-0.5473323151295562,-0.5304435604283064,-0.41975852651015,-0.35280083047155575,-0.3732518106198679
CH0024638196,-0.42703738102357613,-0.3619504233465465,-0.3849252789873914,-0.3397263290717767,-0.41176586894809963
CH0002497458,price not available,price not available,price not available,price not available,price not available
CH0435377954,-1.374274600902281,-1.5305716712086803,-1.4891205608889124,-1.4008997199692952,-1.3836410064983595
CH0011037469,no data on time period,no data on time period,no data on time period,no data on time period,no data on time period
GB00B6XZKY75,-0.05751656677404071,0.26105849764186395,0.32403797677148516,0.21874681472555668,0.25440932794880133
GB0022569080,1.0633100290866615,0.9557275250623887,0.9051690645400345,0.9107898722335195,0.8956955877976958
GB0030927254,2.758873409438811,2.6586019618638823,2.5582528140059235,2.3223129231476625,2.2411995599907586
GB0009895292,-0.49710203735482406,-0.4552935319408258,-0.40372468613032453,-0.3280520801548059,-0.28453584115681885
GB00BLP5YB54,0.8514706927492677,0.8394467295302022,0.7481360195192188,0.8994246492941116,0.7649540018243473
GB00BZ09BD16,1.6583647238840538,2.049310639849944,2.183473286905091,2.458447341653436,2.446636919609957
GB00BVYVFW23,-0.2319265774781809,0.24686045914715793,0.1738469277118737,0.3309576857545071,0.2214997980189759
GB00BBG9VN75,-0.24904420264738603,-0.25553946109898584,-0.0943118849900837,-0.1157659687911261,-0.11775410577568035
GB0000811801,3.8709624440858903,3.4032348804498236,3.080955631901694,2.857970325115744,2.8156140594476797
GB0000904986,1.9815287762707579,2.533631331112429,2.4097430778622253,2.3979193578004043,2.3325873798100694
GB0033147751,2.7105272030335303,2.391452506073999,2.320798337817953,2.425537239818776,2.350011642325578
GB0002875804,-3.571094920873552,-3.6724058853746966,-3.711080343180817,-3.711909475425257,-3.661986451283128
GB00B0N8QD54,0.10332708426101789,-0.2853507069268124,-0.3312366361297503,-0.3060893987951063,-0.22104746097464378
GB0030913577,0.3931835010229978,0.09976884141086328,0.15993558429672206,0.24555724697638004,0.10950781894274453
GB00B0744B38,0.5094526716135306,0.485680516269027,0.5925599494360556,0.5301541872330784,0.5569080922630532
GB0031743007,-0.5769597773382262,-0.5457723524799674,-0.39389298923564464,-0.39652576339983536,-0.37003984152954583
GB0031016099,price not available,price not available,price not available,price not available,price not available
GB00B23K0M20,-0.6480213761365428,-0.7420452421180279,-0.6671869738851477,-0.7487752051055008,-0.15217916789855845
GB00B62G9D36,-1.6046881146341563,-1.7409066451593902,-1.5961948350063593,-1.5725315287182906,-1.6896570250344634
GB00BF044593,2.120558356959523,2.1689371675713387,2.189135924643315,2.2074631895633967,2.2014593514399827
GB00B4YZN328,0.40571455914917287,0.3277433135054908,0.3922895181996511,0.37382160578509627,0.8737510279806848
GB00BLNN3L44,price not available,price not available,price not available,price not available,price not available
GB00BD6K4575,-1.2413369773607075,-1.1766167946914985,-1.201052123139923,-1.1813265417843222,-1.235862123082887
GB00BYPHNG03,-1.4392586132389473,-1.5991901674229592,-1.5722012541651287,-1.663633944756726,-1.7950535209995122
GB0002318888,1.370581129432047,1.20889484589497,1.0871416421099456,1.0587836868844347,1.0503500932510734
GB00BYZWX769,price not available,price not available,price not available,price not available,price not available
GB00B4Y7R145,1.0190728782437541,0.6586554624594898,0.4980088998357335,0.487217996601208,0.4870896803347513
GB00BFZ4N465,0.9534369667594911,1.0537403849192661,0.8338430202346148,0.796683707977297,0.769844671436104
GB00B3DGH821,-2.620640888779757,-2.958235387450414,-2.7325035128850206,-2.7462427203232886,-2.726187904925903
GB00B4JV1B90,price not available,price not available,price not available,price not available,price not available
GB0002652740,0.5326795154631636,0.7571066730218012,0.7712377470119103,0.8041904849274584,0.747709055456558
GB0002374006,0.4555796756287256,0.32497319946451775,0.3108089063485364,0.31730550826361004,0.25431634043580065
GB00BY9D0Y18,-0.08565140010641237,0.06989263173124982,0.0828389420501674,0.12273016591868302,0.1406506389000306
GB00BYN59130,0.08175938879455558,0.06488432753134488,-0.00325599641930463,-0.09895836140763059,-0.12779424820769103
GB0008220112,-1.8041713681361427,-1.6959480336608768,-1.7262817004970565,-1.6802522452107893,-1.7078394259424257
GB00BJMD6M39,-1.2019759871016444,-1.3207163578788927,-1.4030322496719427,-1.4233153112005348,-1.429357900731698
GB00B7KR2P84,-3.8812784510587117,-3.1299794740546005,-3.0799554167475596,-3.2612007838527357,-3.113772624740252
GB00B19NLV48,-0.08558223937484843,-0.01407743410648532,0.10753048645326668,0.21165014728823373,0.17056966594088951
GB00BLWDVP51,0.9836684099465698,1.0428153058297918,1.1995809681509817,1.098853820404111,1.0657436865826986
GB00BRJ9BJ26,-0.6451607925596403,-0.753760831674577,-0.7183284418423086,-0.8239103971557027,-0.7977611951196062
GB00B8B4R053,no data on time period,no data on time period,no data on time period,no data on time period,no data on time period
GB0009252882,price not available,price not available,price not available,price not available,price not available
GB0003753778,-2.4770396440910947,-2.481272058134698,-2.6627328409400075,-2.6374125698066075,-2.651421918778185
GB0033600353,0.06259523331143546,0.04428820359662078,0.1970917983967535,0.2074792504749956,0.11149881868459666
GB00B01FLL16,price not available,price not available,price not available,price not available,price not available
GB00B012TP20,-0.07644468223635403,-0.31043403690605986,-0.4329404260811631,-0.35566479476264456,-0.45569172359296584
GB0004161021,-1.9636438282454982,-2.0337463219536334,-2.1375068731975033,-2.1366698583952126,-2.152939367134732
GB00B1V9NW54,0.271700128923269,-0.23954113960863443,0.04578458330264379,-0.044086429761924784,-0.13769865387778246
GB0004544929,-0.6660638751346593,-0.04104150775112725,-0.1749898077465284,-0.21657805428205723,-0.2931400184892241
GB00BMJ6DW54,-0.9692690865822251,-1.4502252110802694,-1.2739323259148172,-1.2436358754697396,-1.0699829918923598
GB00BHJYC057,-0.596842674665965,-0.8391656444381557,-0.9126291687197252,-0.8973652047450709,-0.9766706004491366
GB0004564430,price not available,price not available,price not available,price not available,price not available
GB0033986497,0.31228435767964857,0.21424131828848836,0.24630142504256103,0.45785374503655163,0.5202240194252195
GB00B019KW72,0.877571267973587,0.9017643899350447,0.6302834189083617,0.07061395667851134,0.05943799629983815
GB00BYX91H57,price not available,price not available,price not available,price not available,price not available
GB00BZ4BQC70,0.9261510599088751,0.9206835792836765,0.9051379281033389,0.7936345195760142,0.7783913789260133
GB00BZ0D6727,1.9462885303485278,1.804171938384469,2.211657246126153,2.140854107685519,2.1053305297478397
GB0033195214,1.7736845169217919,1.6196614101007256,1.7091480463084396,1.7423167390935745,1.6704510355261215
GB00BYW0PQ60,0.8971438982586899,0.8890089629466913,0.8043646114970882,0.7442817124155621,0.8075054474312227
GB00B8W67662,1.4381650512405475,1.6085367520994875,1.5347509520213132,1.613739678968673,1.6474473306737458
GB00B0SWJX34,-0.6049300643666045,-0.6798310431332055,-0.7637311273321679,-0.6697220965765305,-0.692283161615459
GB0031274896,-0.21294070567203782,0.07809629676475138,0.08166520264705213,0.2044505639087979,0.2473084211406129
GB00B012BV22,-0.7615421128823407,-0.7178404926251436,-0.6204565102276183,-0.6831792160911676,-0.7228300525093823
GB0005622542,0.6683202099674768,0.438768068222517,0.3740338118890074,0.4693568387837188,0.49155121858260875
GB00B1CRLC47,1.8128306387216298,1.291080055541416,1.4741347467467025,1.2787903040586412,1.3364119327944235
GB00BMT9K014,-1.2853388649789577,-1.4530824066287473,no data for regression,no data for regression,no data for regression
GB0008085614,-0.9682764724301074,-1.1443599660870274,-0.5265177668977383,-0.526289319897788,-0.4904028100862212
GB0006043169,no data on time period,no data on time period,no data on time period,no data on time period,no data on time period
GB00B08SNH34,price not available,price not available,price not available,price not available,price not available
GB00B7T77214,price not available,price not available,price not available,price not available,price not available
GB0032089863,1.1803961910471283,1.1502479857070647,1.1542739673485292,1.041669927042399,1.1047483180901319
GB0006776081,-2.4897036886065926,-2.2703287995620602,-2.0377873994074758,-2.1645342934728973,-2.190716229316325
GB0006825383,0.3439656363667609,-0.0053144444946529035,-0.16316008441041863,-0.2125317878951094,-0.12498816959807257
GB00BJ62K685,-1.820368119935789,-1.2659723884485108,-1.2504236323911289,-1.2850044129638083,-1.385694349944211
GB00B0WMWD03,-0.07133918226227554,0.7495083445770323,0.6361162633583106,0.8841023417452298,0.6957289856687199
GB0002148343,1.9341563889518465,2.07740489556012,1.8324212684105667,1.998676294944568,1.9222865180545723
GB00B24CGK77,0.4216444531918051,0.4682048522384741,0.2796482314041393,0.15700817785366805,0.2566235481363699
GB0007370074,-1.0643163952718693,-1.8399613525020841,-1.6986984920317916,-1.7151348061961946,-1.7899114022445484
GB00BVFNZH21,-1.280826146816938,-1.2171787686336422,-1.0137518865349748,-0.9669204199484915,-0.9439798796398446
GB0007594764,-2.013860006370316,-2.1867892326111527,-2.254292729302354,-1.8047683735374243,-1.853659820834741
GB0007281198,6.4137014227529265,6.210057980416373,5.9333770534391705,5.889860580780226,5.785882555624333
GB0002405495,price not available,price not available,price not available,price not available,price not available
GB00B5ZN1N88,0.09018144235659609,0.0793832943317141,-0.35730945010788995,-0.5423199690551495,-0.45972395855812254
GB0002919784,price not available,price not available,price not available,price not available,price not available
GB0007958233,0.949049993187745,0.38156353088717454,0.28092551822984646,0.1836810091631058,0.08841712400086132
GB00B1FH8J72,-0.503297187016416,-0.5054120782761129,-0.41747878044083864,-0.3460025374443121,-0.36337043369955024
GB0007990962,0.554208196342465,0.44404815520524554,0.5819512206448163,0.6946485010246084,0.8294475024284154
GB0001411924,no data on time period,no data on time period,no data on time period,no data on time period,no data on time period
GB00BYZDVK82,-0.09147318894554557,0.1373596033193869,-0.20586948819704132,-0.12777925210422092,-0.1303634215219729
GB0003308607,-0.35158812449980203,-0.2738672900921557,-0.2616086959449815,-0.22602113123413314,-0.2382851126555341
GB0007908733,-1.098845817472538,-1.143655345502248,-1.1771138613598242,-1.2139562135002668,-1.1106570641365776
GB00B0KM9T71,-1.2296240352828502,-1.243686821604173,-1.20893353795829,-1.1035975734627224,-1.0538260576253067
GB0008754136,price not available,price not available,price not available,price not available,price not available
GB0008782301,0.44566313807610225,0.19754498681305854,0.4390686987040704,0.7318212018714965,0.6124775263571802
GB0001048619,no data on time period,no data on time period,no data on time period,no data on time period,no data on time period
GB0008847096,price not available,price not available,price not available,price not available,price not available
GB00B02L3W35,price not available,price not available,price not available,price not available,price not available
GB0001367019,0.15518375426071263,-0.34613073785190185,-0.22717230408011435,-0.09021380239369048,-0.2000147301806754
GB0007739609,price not available,price not available,price not available,price not available,price not available
GB00B10RZP78,0.4272900093876819,0.2590277539983976,0.3841404185806363,0.4375069180887703,0.4107272667330797
GB0006928617,-1.2493446694226695,-1.2919428095992336,-1.4711280780881353,-1.5541807650279127,-1.4119051054974796
GB00B39J2M42,0.08848260970444333,0.04981856454655542,0.44659530713928586,0.36094747042030306,0.2554069140524695
GB00BH4HKS39,0.5601116485485447,0.8166763314209513,0.7034067583313597,0.8257679787199823,0.8081323276717067
GB00B2PDGW16,-1.2800277428340445,-1.3785494147408817,-1.375649455745298,-1.3486808888632296,-1.3692357248327514
GB00B67G5X01,-2.270820069065449,-2.002068364328391,-1.9947255943144837,-1.5189537523573104,-1.5938894994059316
CZ0005112300,-1.3496336795973507,-1.47650412409992,-1.3607316981435025,-1.361613489598179,-1.3036370127320174
TRAARCLK91H5,0.3266613721725431,0.3299214138007489,0.2639720180622751,0.5041455176640897,0.5561833104232417
TRABRISA91E3,1.23467546331133,1.3473483392203223,1.0282276844279181,0.9530585576277062,0.8869980606169836
TRAVESTL91H6,-0.6019937856143631,0.18264976052351223,0.882884110470139,0.4029478977334744,0.48084197981801413
CNE0000019B0,0.1808958234698177,0.1453849558618714,0.1449697264587324,0.10359736416621912,0.09129630997164462
CNE100000NC4,-1.975359805259136,-2.4308619399999953,-2.2522281036807645,-2.179056381981015,-2.195611120924057
